Teff,logg,Meta,L,eTeff,elogg,eMeta,eL
10900.0,3.78,-0.36,67.60829753919819,300.0,0.08,0.09,5.948797353049969
10170.0,4.093,-0.03,53.00050406396649,450.0,0.014,0.2,10.720059101025669
8720.0,4.29,-0.29,12.699891189181114,255.0,0.018500000000000003,0.29,1.8875364019459004
8450.0,4.181,-0.059,16.7001356961169,615.0,0.059,0.08149999999999999,4.311665926535198
7930.0,4.167,0.041,11.999965570481159,725.0,0.039999999999999994,0.101,3.5857066161392535
7700.0,3.982,-0.01,16.7001356961169,565.0,0.066,0.36,3.637209630366283
7690.0,4.15,0.09,11.700111486105866,325.0,0.04,0.03,1.561103383535258
7598.0,4.173,-0.405,8.030082367142903,82.5,0.014499999999999999,0.0325,0.5179964199750886
7500.0,4.127,-0.12,9.499921136225955,110.0,0.029,0.51,1.082657847749358
7454.0,4.22,-0.018,7.510001089350082,49.0,0.023,0.073,0.561348796086377
7437.0,4.26,-0.11,5.910034280967362,72.0,0.28,0.17,0.5173646693466121
7394.0,4.11,-0.069,10.0,480.0,0.049,0.0665,1.2127068666383174
7360.0,3.962,0.094,14.700090213722863,310.0,0.0495,0.074,1.7302033996371824
7067.0,4.0,-0.02,9.900109542601703,192.0,0.14,0.15,3.2663366769643245
7000.0,4.27,0.35,5.3300342531088685,200.0,0.05,0.1,0.38605399772644144
6935.0,3.85,-0.34,11.481536214968829,90.0,0.03,0.05,0.7663431625927632
6860.0,4.224,0.317,5.169993534815559,165.0,0.026500000000000003,0.115,0.4692218944732178
6860.0,4.161,0.334,6.140023028641631,155.0,0.037,0.056499999999999995,0.4825891997548726
6850.0,4.2,-0.1,5.860032167510559,100.0,0.2,0.07,0.1383330260030231
6801.0,4.21,0.02,4.660043814312283,76.0,0.03,0.06,0.40683130319812477
6670.0,4.0599,0.09,6.499949761981433,120.0,0.0118,0.13,0.5854205080107917
6651.0,4.19,0.0,3.830010812264486,35.0,0.03,0.03,0.04967829611329866
6643.0,4.05,0.0,5.759967062724951,150.0,0.17,0.1,0.6170573791868477
6630.0,4.205,0.282,4.4999739532580305,295.0,0.043,0.077,0.6487735623611348
6626.0,4.057,-0.017,5.850055684645671,35.0,0.017,0.043,0.2735739014147587
6594.0,4.278,0.332,3.519978412310857,33.0,0.015,0.052,0.15652646062991415
6572.0,4.158,0.0,4.369985540800963,83.0,0.038,0.044,0.5013133027214214
6560.0,4.11,-0.09,4.950054721879246,320.0,0.69,0.145,0.9999866196097993
6554.0,3.982,0.22,7.370042631286165,27.0,0.024,0.039,0.5028954540238093
6540.0,4.139,0.068,4.709990162037933,160.0,0.0435,0.066,0.3108408997122183
6536.0,3.949,0.19,7.9000529108322155,31.0,0.012,0.024,0.3042247849779609
6532.0,4.072,0.017,5.47999295295588,87.0,0.033,0.053000000000000005,0.333321358519687
6516.0,4.228,0.052,3.5075187395256804,49.0,0.0175,0.079,0.22276670424420053
6500.0,4.077,-0.104,5.160003545069492,185.0,0.038000000000000006,0.098,0.4762000463743399
6495.0,4.187,0.22,4.330020973814699,90.0,0.011,0.041,0.24620411894308436
6489.0,4.26,0.28,3.499451670283573,77.0,0.13,0.06,0.2894697197961569
6466.27,4.25047,0.2642,3.202432613761227,106.035,0.0841835,0.02,0.1274247319313817
6466.0,4.218,-0.004,3.519978412310857,94.0,0.0305,0.056999999999999995,0.14655532898648405
6460.0,3.921,0.01,8.000000239617258,130.0,0.041,0.077,1.1815437990735398
6457.0,4.072,-0.113,4.660043814312283,29.0,0.015,0.0415,0.22151295177640717
6450.0,4.305,0.02,2.6599899758559764,110.0,0.036,0.068,0.33854436714193725
6438.0,4.107,0.09,4.670033543618862,64.0,0.049,0.04,0.6742592695658314
6432.0,4.31,0.107,2.6799704165565594,48.0,0.0345,0.08,0.25676412847988717
6430.0,4.16,0.19,4.045758916974426,100.0,0.03,0.1,0.4564539366451392
6426.0,4.287,0.138,2.749982942426036,92.0,0.014,0.08399999999999999,0.21537393188927645
6424.0,4.14,0.47,4.4999739532580305,91.0,0.11,0.041,1.315901870120623
6406.0,3.854,-0.08,8.680005492744911,63.0,0.0185,0.05,1.069479704235647
6400.0,4.111,0.16,4.439969635202914,100.0,0.028,0.09,0.488660222476331
6400.0,4.202,0.2,3.470004196407843,100.0,0.015,0.05,0.1755354339676498
6400.0,4.2,0.09,2.9789965482482303,100.0,0.2,0.07,0.06921747222258956
6400.0,4.24,-0.007,2.8799835026085696,50.0,0.1,0.056,0.07890660677096695
6399.0,4.273,0.06,2.729983360600831,68.0,0.01,0.06,0.1555856591486593
6395.0,3.994,0.12,6.295061828571976,60.0,0.032,0.06,0.7102266378306767
6394.0,4.318,0.24,2.599979956709244,75.0,0.014,0.036,0.09813658063903397
6387.0,4.196,0.276,3.6599908528918865,38.0,0.029,0.071,0.1277924724483186
6380.0,4.159,-0.101,3.6999853117285957,150.0,0.039,0.079,0.4224293332072613
6360.0,3.892,-0.01,7.5857757502918375,140.0,0.056,0.2,1.697339196735948
6354.0,4.3,0.025,2.3099894690339875,70.0,0.06,0.05,0.11703103120269787
6353.0,4.227,-0.018,2.970024282074555,81.0,0.0165,0.057999999999999996,0.14949893216353582
6351.0,4.22,-0.157,2.857590543374947,76.0,0.01,0.07,0.2029779441721915
6350.0,4.293,0.12,2.6199922097727595,150.0,0.034,0.2,0.23325058327769277
6330.0,4.19,0.25,3.4673685045253166,47.0,0.06,0.04,0.6960919688099039
6330.0,4.3,0.07,2.51188643150958,100.0,0.06,0.1,0.44109913883508434
6317.0,4.06,0.37,5.370317963702527,44.0,0.06,0.04,1.0750969177433696
6312.0,4.298,-0.2,2.2600081224453907,183.5,0.045,0.15,0.2601599011508837
6311.0,4.05,-0.1,4.689969301267546,98.0,0.04,0.09,0.41193900787923443
6310.0,4.122,-0.456,3.2100367171866626,170.0,0.069,0.081,0.13708880893205722
6300.0,4.244,0.21,2.919980828211284,100.0,0.023,0.06,0.29511585781541205
6280.0,4.298,-0.105,2.1700013298554137,97.5,0.013,0.07,0.1257621223735046
6280.0,4.239,0.011,2.7200068640769457,160.0,0.0465,0.065,0.20603018150283914
6280.0,4.1,0.26,3.8600239560937197,50.0,0.08,0.06,0.10848001776116867
6280.0,4.072,-0.18,4.009959626199752,49.0,0.029,0.08,0.3635586610279111
6279.0,3.889,0.19,7.79991733536344,51.0,0.0505,0.0845,1.0700064939152498
6277.0,4.303,0.199,2.380016675852849,30.0,0.02,0.055,0.10756190074628957
6274.0,4.034,0.119,5.169993534815559,97.0,0.0325,0.0775,0.4488194567935344
6273.0,4.261,0.01,2.7227013080779123,140.0,0.007,0.1,0.17586430397263642
6272.0,3.848,0.3,9.360089469239558,74.0,0.028499999999999998,0.06,0.5452711311261664
6264.0,3.81,0.342,10.399920034503667,94.5,0.0205,0.0395,0.615839083130159
6261.0,4.26,0.24,2.6999765984012107,80.0,0.02,0.05,0.09819939795872146
6260.0,4.169,-0.044,3.189994982780613,165.0,0.0615,0.067,0.2122662661210477
6255.73,4.36127,0.1803,2.0089540341871976,141.05,0.0897675,0.0119,0.0696258097040312
6255.0,4.13,0.28,3.136967360669608,90.0,0.009,0.036,0.2883833903940003
6255.0,4.14,-0.11,2.7100044249512933,26.0,0.04,0.02,0.03970475007617513
6254.0,4.31,0.22,2.3988329190194904,44.0,0.1,0.04,0.16011178045115093
6250.0,4.3,0.258,2.479990401810008,205.0,0.031,0.079,0.3159276689010688
6248.0,4.172,0.119,3.409965617133631,74.5,0.024,0.0795,0.1572159604791159
6241.0,4.116,-0.095,3.5580332313970087,86.5,0.020499999999999997,0.065,0.18626129519285373
6240.0,3.926,0.03,6.549980393641204,160.0,0.056499999999999995,0.12,0.5037445877630629
6236.0,4.253,-0.002,2.519996862109238,54.0,0.0335,0.08549999999999999,0.23191843535746326
6234.0,4.6,0.28,2.147830474130534,25.0,0.02,0.03,0.15256815916165412
6223.0,3.886,0.37,6.299992029474196,100.0,0.02,0.06,0.2794230187722304
6219.0,4.29,0.1,2.300011460361906,70.0,0.02,0.05,0.09792078318304154
6214.0,4.4121,0.108,1.6939867147002385,36.0,0.007,0.038,0.05317005946332587
6212.0,3.9114,0.037,6.440061281758223,26.0,0.0097,0.037,0.16785943643368784
6210.0,4.313,0.37,2.3496328208483073,75.0,0.0765,0.1,0.5336358528573751
6206.0,4.108,-0.116,3.4299674606050514,75.0,0.014,0.067,0.26444299986198794
6203.0,4.5,-0.12,1.9069969568167837,64.0,0.11,0.04,0.057443570204832595
6202.0,4.24,0.182,2.749982942426036,92.0,0.0315,0.084,0.17821235918857092
6202.0,4.157,0.141,3.360005590612465,51.0,0.016,0.0835,0.1843717998583576
6200.0,3.789,0.285,10.154066422469379,82.5,0.0185,0.055999999999999994,0.6051282615950493
6200.0,4.2,0.08,1.9099851911122638,100.0,0.3,0.05,0.039582966359014704
6197.21,4.08307,0.1278,3.5812117438255937,158.76999999999998,0.0960215,0.0137,0.15268837630660093
6182.0,4.181,0.0228,3.013006024186121,58.0,0.066,0.002,0.5521100940880335
6180.0,4.353,0.337,2.0100182471136936,150.0,0.025500000000000002,0.076,0.22401029921369375
6174.0,4.194,0.164,2.897010037894646,104.5,0.0265,0.07350000000000001,0.19936165633773695
6174.0,4.274,-0.0731,2.197859872784825,100.0,0.0125,0.035250000000000004,0.18175043250034195
6166.0,4.23,0.09,2.5600002044733983,43.0,0.06,0.03,0.07878146104615746
6161.0,3.613,-0.18,13.458603540559483,94.0,0.0585,0.11,2.4938215791276317
6160.0,3.869,0.065,7.030075675121138,150.0,0.0445,0.05,0.841143696725295
6160.0,4.11,0.427,4.2000068624663145,130.0,0.13,0.069,1.0358706415699008
6158.0,4.34,0.17,1.9700171185549737,80.0,0.03,0.08,0.20895956691942874
6157.0,4.37,0.0,1.5205475297324955,216.5,0.045,0.2,0.26162211793832824
6154.0,4.379,0.1,1.7300155231477965,60.0,0.017,0.04,0.10225725746610592
6150.0,4.224,0.18,1.989985903496618,120.0,0.056499999999999995,0.13,0.16753686036819038
6147.0,4.083,0.21,3.910029193623269,22.0,0.012,0.043,0.12786772114772593
6145.0,4.295,0.119,2.1300019449380767,89.5,0.019,0.0775,0.1344117970539852
6131.95,4.42894,-0.25,1.5089331509390758,121.69999999999999,0.0845495,0.047,0.07875882592545058
6128.0,4.296,0.043,2.031982671418662,83.5,0.02,0.062,0.1126233937100608
6125.0,4.37,-0.229,1.5488166189124815,94.0,0.045,0.058,0.07311008563658694
6124.0,4.303,0.016,1.9930123964427267,46.0,0.027,0.089,0.09188918090547338
6120.0,4.15,0.26,4.12999950876437,30.0,0.09,0.06,0.20490280508127534
6120.0,4.25,0.3,2.4603676041476272,100.0,0.11,0.1,0.6576302621430331
6117.0,4.1,0.25,2.9599883380409096,31.0,0.06,0.06,0.09838079475708295
6110.0,4.22,0.06,2.5882129151530915,160.0,0.08499999999999999,0.13,0.3287531862932902
6110.0,4.19,0.28,2.89001435534947,50.0,0.08,0.06,0.07892253572426466
6110.0,4.118,0.124,3.409965617133631,100.0,0.02,0.078,0.25935299679359414
6110.0,4.19,0.28,2.89001435534947,50.0,0.08,0.06,0.07892253572426466
6101.0,4.161,0.181,3.050001128249182,74.0,0.035,0.086,0.10808633385199506
6100.0,4.279,0.175,2.1680036048974176,110.0,0.043,0.095,0.07661369536714124
6100.0,4.2,-0.15,2.189979250353058,100.0,0.1,0.08,0.09781759422490821
6096.0,4.26,0.14,2.07200118761925,115.0,0.14,0.12,0.027817106958572646
6095.0,4.044,0.175,4.330020973814699,89.0,0.021,0.0985,0.28025431065834505
6090.0,4.07,-0.02,3.499451670283573,70.0,0.03,0.1,0.1957475019833288
6078.0,4.284,-0.06,1.8800093102594262,120.0,0.033,0.088,0.16213915100732423
6078.0,4.082,-0.224,2.8600261235249906,48.0,0.02,0.057,0.14627251179157197
6072.0,3.79,-0.19,6.109982973369426,20.0,0.03,0.01,0.019945008537110454
6071.0,3.936,-0.02,5.059993978261442,81.0,0.046,0.05,0.7020761171958569
6069.0,3.783,0.2,7.929941801388453,92.0,0.004,0.07,0.44737481418083425
6060.0,4.416,0.237,1.4999956513820392,70.5,0.0155,0.079,0.076500351696969
6060.0,4.201,0.22,2.6599899758559764,120.0,0.07,0.07,0.5335697681855043
6058.0,4.234,0.207,2.3999931380578885,96.5,0.0325,0.087,0.1680258781592725
6057.0,4.04,-0.26,1.9199945679542882,64.0,0.15,0.11,0.09733782918888656
6054.0,4.02,0.38,4.389954308054857,81.0,0.02,0.06,0.1842917179415715
6050.0,4.0,0.0,4.159968096868143,120.0,0.065,0.07,0.8617019164192856
6039.0,3.986,0.332,4.954958255552626,91.0,0.0195,0.06,0.2923384830403992
6020.0,3.929,0.16,4.340002703041641,100.0,0.0305,0.06,0.2565216191081028
6008.0,4.26,-0.4924,1.9260164850815664,113.0,0.04,0.4983,0.02287971153594781
6007.0,4.286,-0.041,1.8999842462147327,52.0,0.079,0.081,0.4151670250012047
6007.0,4.276,0.215,2.036010437227354,85.5,0.017,0.0625,0.10554105783189993
6002.0,3.993,0.035,4.120026410605537,50.0,0.045,0.08,0.5328358000559166
6001.0,4.22,-0.16,2.178010654860429,88.0,0.04,0.08,0.09536674360082875
6000.0,4.143,0.021,2.623976855054821,110.0,0.0445,0.07250000000000001,0.08595537344215942
5995.0,4.453,0.01,1.3399851948997974,79.0,0.0055,0.04,0.08870154785131967
5991.0,3.943,0.373,5.450043893417615,55.0,0.033,0.07849999999999999,0.14297080034810472
5990.0,4.47,0.05,1.1508003889444358,38.0,0.01,0.04,0.05810203758401056
5982.0,3.928,0.343,5.5939682874451115,71.0,0.0235,0.055,0.3796176341487536
5978.0,4.3827,-0.04,1.37600496197459,50.0,0.009600000000000001,0.03,0.04629812518333931
5977.0,4.187,0.15,2.440000975682636,78.5,0.0385,0.10500000000000001,0.11217669666511365
5977.0,4.242,0.25,2.137962089502232,95.0,0.055,0.14,0.47837518206467156
5975.0,4.183,0.182,2.5879745429116703,69.5,0.0345,0.0785,0.06812257882052775
5972.0,4.31,0.23,1.7378008287493754,84.0,0.073,0.09,0.32488881107496925
5972.0,3.86,0.03,5.990043827307163,100.0,0.05,0.1,0.5908825053056117
5970.0,4.171,-0.373,1.9829876069060952,85.0,0.0245,0.058499999999999996,0.11458645926420719
5970.0,4.67,0.0,0.700003159130897,100.0,0.095,0.2,0.17777690932480644
5968.0,4.349,-0.07,1.4330125702369627,85.0,0.026,0.053500000000000006,0.08721397093599381
5966.0,4.278,0.027,1.7790165979367099,72.5,0.027,0.059,0.07798363161038202
5966.0,4.43,0.14,1.4399917369273318,14.0,0.03,0.01,0.01985552421601766
5956.0,4.31,0.0,1.6499850149526085,50.0,0.043,0.08,0.19476942305272826
5951.0,4.438,0.2,1.2499999625598046,80.0,0.015,0.05,0.04402737179591565
5950.0,4.288,0.262,1.9199945679542882,100.0,0.033,0.08549999999999999,0.14884558732212194
5950.0,4.016,0.145,3.7399862024064494,135.0,0.0545,0.058499999999999996,0.23714748783489137
5950.0,4.47,0.29,1.1700111486105869,100.0,0.05,0.1,0.05853442024325484
5948.0,4.319,0.09,1.6499850149526085,74.0,0.025,0.10500000000000001,0.14706872689321648
5943.0,4.425,0.06,1.2499999625598046,70.0,0.03,0.05,0.11474175258584529
5940.0,4.087,0.225,3.329967539289765,110.0,0.0335,0.0445,0.11322750696031392
5940.0,4.28,-0.11,1.3059904464196455,75.0,0.21,0.1,0.03258993196737048
5936.0,4.184,0.158,2.445006398526655,66.5,0.0315,0.0845,0.08311382273244416
5935.0,4.32582,0.26,1.5633276170239183,134.29,0.0796895,0.1,0.044492613059337716
5934.0,4.441,-0.05,1.1360043646919784,76.5,0.022,0.056,0.06263282009178117
5929.0,4.417,0.168,1.2990025391923234,74.0,0.023,0.055,0.07950669854388781
5925.0,4.268,-0.069,1.687990507424142,80.5,0.026000000000000002,0.07200000000000001,0.07588322332418929
5920.0,3.856,0.18,5.669960064282593,210.0,0.024,0.155,0.7308351989241908
5913.0,4.3284,-0.07,1.4893610777109152,130.0,0.0021,0.15,0.12476347133491139
5910.0,4.288,0.233,1.7599891885836043,100.0,0.039,0.0885,0.13411708181957105
5909.0,4.517,-0.15,0.9320087721676807,144.5,0.007,0.03,0.032904620857504396
5908.0,4.445,0.11,1.1689878572696135,69.0,0.0175,0.0575,0.06558264450330642
5905.0,4.229,-0.26,1.57101380014892,156.0,0.0185,0.05,0.0783035172991271
5905.0,4.33,0.15,1.5812480392703832,80.0,0.05,0.04,0.2150196253718022
5904.34,3.94865,0.1381,3.615596855388578,129.845,0.0759565,0.0129,0.1380584190812042
5904.0,4.027,0.025,3.5974933515574232,47.0,0.056,0.0019,0.6052287149492339
5899.0,4.417,-0.105,1.0810107182102053,49.0,0.025500000000000002,0.0775,0.04835626029451057
5898.0,4.45,-0.17,1.199996557048116,13.0,0.02,0.01,0.029635068674414344
5881.0,4.45,-0.07,1.1799945460606736,50.0,0.1,0.08,0.07746267816850727
5880.0,4.278,0.24,1.7889985970929478,51.5,0.031,0.09,0.062325488231013915
5880.0,4.392,0.15,1.309181922999407,120.0,0.032,0.1,0.16888377119079023
5875.0,4.56,-0.106,0.8309980410444321,145.0,0.046,0.07450000000000001,0.0826069410718191
5872.0,4.1079,0.208,2.970024282074555,40.0,0.0071,0.052500000000000005,0.11765897797177072
5872.0,4.29541,0.04,1.5768849201219266,103.235,0.0687715,0.1,0.042213443503013814
5871.0,4.42,0.049,1.163992012163208,62.0,0.03,0.042,0.013920088173180134
5870.0,4.258,-0.36,1.7599891885836043,120.0,0.0245,0.14,0.17979665964761715
5870.0,4.538,-0.198,0.7799917335363439,160.0,0.0285,0.046,0.07982020505155857
5870.0,4.4,-0.06,1.0999931989351934,100.0,0.08,0.12,0.21691332468344177
5869.0,4.47,0.04,1.130004049940676,14.0,0.02,0.01,0.009960265660681644
5863.0,4.4,0.018,1.1799945460606736,88.0,0.0305,0.05,0.031969285449717666
5859.0,4.156,0.273,2.509978491834979,71.5,0.028,0.083,0.10768979270450729
5857.0,4.17,0.17,2.2594357702209775,120.0,0.04,0.06,0.4953727208891877
5850.0,4.076,-0.103,2.5399782631954992,140.0,0.055,0.0545,0.1508293989069418
5846.29,4.26525,-0.2729,1.6530272007683344,115.11,0.07172,0.0669,0.045762046511680254
5846.0,4.416,0.3,1.239995188524827,78.0,0.042,0.03,0.15975696061457312
5844.0,4.439,0.156,1.0770106553759213,83.0,0.036500000000000005,0.0565,0.07109522525327139
5842.0,4.238,0.153,1.78998750747407,81.5,0.036500000000000005,0.091,0.08660974028086732
5841.0,4.106,0.226,2.7600058336054962,64.0,0.024,0.062,0.13913212357113824
5840.0,4.41,-0.09,1.1159892212474953,62.0,0.11,0.07,0.03640864145261091
5831.0,4.344,0.06,1.307013279149898,80.0,0.025500000000000002,0.05,0.06974690272384465
5820.0,4.09,0.27,2.792029483027305,50.5,0.045,0.105,0.24430912155488094
5819.0,4.04,0.25,3.290031075247057,73.0,0.05,0.17,0.20371136825369196
5818.0,4.2,0.23,1.9700171185549737,27.0,0.04,0.01,0.06878524249500084
5817.0,4.25,-0.2,1.8199941833734836,24.0,0.05,0.01,0.07830681112207094
5815.0,4.365,0.193,1.3219955705065183,74.5,0.0215,0.0605,0.06678901636488577
5814.0,4.401,0.196,1.2019876348698857,92.0,0.0275,0.084,0.08400336896381844
5810.0,4.293,0.176,1.5489949432803847,79.0,0.036,0.089,0.07757855578334805
5808.0,4.303,0.32,1.5739828644662195,80.0,0.0195,0.05,0.06720695417423916
5805.0,4.3,-0.13,1.0210100101446298,62.0,0.14,0.08,0.012918396504494889
5804.0,4.363,0.003,1.2489929874293308,37.0,0.0135,0.0405,0.04607734980167555
5802.0,4.03,0.1,2.909979972301235,56.0,0.01,0.03,0.13133150413012262
5801.0,4.424,0.019,1.058010554122454,77.5,0.024,0.059,0.056950242305427
5800.0,4.25,-0.4,0.9527961640236519,150.0,0.15,0.12,0.13406882712996482
5800.0,4.14,-0.19,1.9498445997580451,70.0,0.12,0.07,0.5044048290121177
5792.0,4.36,-0.25,0.7799917335363439,16.0,0.03,0.01,0.039022161430939395
5790.0,4.33338,0.09,1.3400777609949184,136.385,0.0836485,0.1,0.034069121145778536
5788.0,4.376,0.14,1.1959967513693968,80.0,0.021,0.05,0.04900533916885352
5785.0,4.457,-0.193,0.8849933350369471,73.0,0.024,0.06,0.04620957389613445
5784.0,4.45,-0.038,0.9249963094617257,61.0,0.1,0.04,0.040134996027145764
5783.0,4.273,0.21,1.5800105979413512,99.0,0.055,0.185,0.10142933532443321
5783.0,4.12,0.07,1.78998750747407,19.0,0.02,0.02,0.019898925239080434
5783.0,4.28,0.1,1.9998618696327441,62.0,0.1,0.05,0.2818396290271843
5782.13,4.3514,-0.0537,1.2786156034592318,102.215,0.067238,0.004,0.033357760253881485
5780.0,4.328,0.28,1.4300130474851702,120.0,0.044,0.07,0.20533726417303444
5772.0,4.174,0.278,2.1500076242905624,82.0,0.033,0.0825,0.12073188218570752
5771.0,4.385,0.191,1.1990022553024329,88.0,0.0305,0.083,0.07961575174360436
5764.0,4.4,0.239,1.1360043646919784,79.5,0.03,0.0775,0.06402802889183723
5760.0,4.048,0.085,2.7799693006031814,86.5,0.019000000000000003,0.0835,0.20693660195975339
5760.0,4.024,0.13,2.9599883380409096,79.5,0.048,0.095,0.1368297764374049
5758.0,4.31038,0.18,1.3687054608377462,110.62,0.0719205,0.1,0.035206609648391396
5757.0,4.32,0.14,1.2999899653754543,68.5,0.02,0.05,0.05367760828168888
5756.0,4.402,0.318,1.1679923546071067,66.5,0.0155,0.058,0.062285275089826064
5752.0,4.194,0.397,2.091991906501735,84.0,0.022,0.0595,0.1077725484422245
5747.0,4.427,0.377,1.1379940726474664,49.0,0.035,0.08,0.11427270009290358
5746.0,4.031,0.196,2.8300232273447525,87.5,0.0315,0.058,0.17516233409778947
5743.0,4.14,0.27,2.269864851883822,50.0,0.07,0.08,0.39455222186622485
5738.0,4.214,0.025,1.6900128236122105,51.0,0.016,0.071,0.06668906442577849
5738.0,4.239,-0.1,1.4900128025794255,79.0,0.079,0.05,0.26638020842227994
5735.0,4.06,0.26,2.7200068640769457,72.0,0.01,0.05,0.0882114281821218
5735.0,4.431,0.149,1.0240001022367002,76.0,0.023,0.058499999999999996,0.05633511436169447
5734.0,4.47,0.017,0.8739971168862254,83.0,0.035,0.0475,0.05350581200166071
5732.0,4.301,-0.102,1.178989670171637,25.0,0.013,0.043,0.03644009486610411
5731.43,4.45124,-0.1455,0.9648282254565986,126.53,0.0772645,0.0087,0.02680179642304048
5730.0,4.176,0.316,2.0600131847354892,140.0,0.0405,0.04,0.244363334238626
5727.0,4.44,-0.09,0.9800088553709312,60.0,0.07,0.04,0.15743352296118385
5725.0,4.188,0.187,1.8759877579669373,68.5,0.0375,0.0885,0.05856897276842432
5725.0,4.471,-0.21,0.8147042840208396,90.0,0.011,0.08,0.0750990089626018
5721.0,4.25,-0.02,1.4599903995290213,85.5,0.032,0.1,0.10114465822941165
5718.0,4.119,0.283,2.335984732536807,68.0,0.026,0.0595,0.12242437811194806
5715.0,4.347,0.02,1.1700111486105869,73.0,0.053,0.05,0.15922395008102097
5710.0,3.962,0.215,3.4299674606050514,51.0,0.025,0.0505,0.2271279996006963
5710.0,4.19,0.44,2.0150229644764868,40.0,0.03,0.04,0.00798771509973184
5706.0,4.209,0.387,1.9300119587775195,93.0,0.026500000000000003,0.0765,0.1438697721419241
5700.0,4.2,-0.21,11.402497875611685,80.0,0.2,0.08,2.198002158079973
5700.0,4.05,0.0,3.2639988720395774,80.0,0.08,0.08,0.23365678310339222
5700.0,4.092,0.049,2.240010221040763,140.0,0.0635,0.1005,0.11194379690889744
5700.0,4.396,0.39,1.139987265569977,110.0,0.057,0.05,0.18911973132828314
5695.0,4.057,0.253,2.544016946742174,59.0,0.0155,0.057,0.09040861143350232
5691.0,4.35,0.013,1.0890053165575284,93.5,0.0125,0.086,0.08518489157729203
5690.0,4.37,0.07,1.0699906927079144,40.0,0.03,0.04,0.009956191805984616
5688.0,4.52,0.03,0.7499978182030022,28.0,0.05,0.05,0.029421240943728888
5688.0,4.148,0.335,1.9959975321946712,20.0,0.014,0.028,0.06494066417099553
5684.0,4.486,0.147,0.8639925546191204,66.0,0.0175,0.049,0.04712808637865151
5680.0,4.452,0.078,0.8899999863825755,120.0,0.045,0.0685,0.04476944838418617
5680.0,4.36,0.12,1.1297959146727978,90.0,0.06,0.08,0.17467927576773407
5679.0,4.435,0.01,0.8929970002260261,49.5,0.035,0.1,0.014874703014889523
5678.0,4.356,0.217,1.132009313541981,16.0,0.013,0.049,0.014901726507816404
5670.0,4.422,0.18,0.9900109542601704,91.0,0.053,0.064,0.14887138544872225
5670.0,4.389,0.16,1.0699906927079144,110.0,0.027,0.08,0.12296445554072655
5666.0,4.47,-0.27,0.7499978182030022,61.0,0.03,0.04,0.04843579459925773
5665.0,4.25,0.3,1.4460056836707478,115.0,0.27,0.11,0.03556436853415401
5664.0,4.39,-0.24,1.0380063253450658,61.0,0.11,0.05,0.05740931657441317
5660.0,4.49,-0.28,0.7079946892355253,61.0,0.11,0.04,0.045532552543770255
5659.0,4.42,-0.12,0.8912509381337456,48.0,0.04,0.013,0.11500382150505384
5659.0,4.445,0.29,0.9599972743924812,85.0,0.036,0.05,0.11332865052294466
5651.0,4.371,0.3,1.1249934658505205,80.0,0.0235,0.05,0.05057382137631805
5650.0,4.4,-0.19,0.6249999750398698,75.0,0.1,0.08,0.058851311536364304
5649.0,4.445,-0.018,0.8480080988896919,73.0,0.0245,0.058499999999999996,0.045212440281799604
5645.0,3.993,0.148,2.89001435534947,50.0,0.0275,0.0795,0.17913604651084802
5643.77,4.35958,0.415,1.0951156868394152,110.95,0.0736265,0.02,0.03801723825943959
5640.0,4.364,0.143,1.0780030758042878,35.5,0.03,0.077,0.028653089842979318
5640.0,4.393,0.165,1.0199995965937203,110.0,0.0455,0.0835,0.0457078444031353
5640.0,4.41,0.25,1.026006235060247,85.5,0.0295,0.085,0.06810918966535734
5638.0,4.4,-0.29,0.7998342550070284,168.0,0.15,0.15,0.23661192534660214
5636.0,4.142,0.148,1.865004997975156,83.0,0.024,0.0595,0.10853730459030098
5635.0,4.41,0.136,0.3599979270433567,62.0,0.03,0.044,0.009863325550943047
5634.0,4.42,0.14,0.9900109542601704,31.0,0.04,0.05,0.039219772633557526
5631.0,4.184,0.035,1.5749979759188242,76.0,0.0225,0.056499999999999995,0.08549962782279652
5631.0,3.94,0.22,3.2799709705763207,21.0,0.03,0.02,0.039747217203012664
5629.0,4.312,0.414,1.2319979920447468,48.0,0.015,0.09,0.05190783269835453
5627.0,4.484,0.07,0.7859953921102107,93.5,0.029,0.11499999999999999,0.034752117921917514
5627.0,4.349,0.081,1.027992627448959,18.0,0.015,0.038,0.021779424675502757
5626.0,4.025,0.409,2.7589891971621023,77.5,0.0285,0.057,0.14652592508340656
5621.0,4.438,0.026,0.8520007949880714,74.0,0.026,0.059,0.04988832003185456
5621.0,4.2,0.37,1.301997049308958,70.0,0.2,0.07,0.0510984730209898
5620.0,4.05,0.29,2.63997612935481,27.0,0.04,0.02,0.17427079668508672
5618.0,4.443,0.007,0.8309980410444321,73.5,0.024,0.058499999999999996,0.045635576163677305
5617.0,4.476,-0.1,0.7430020294457631,72.0,0.014499999999999999,0.10500000000000001,0.05888506337023086
5616.0,4.417,0.04,0.9050029607131748,65.5,0.0205,0.275,0.06741432911686018
5614.0,4.092,0.205,2.1139757447041982,76.5,0.023,0.057,0.12790368968734134
5611.0,4.044,0.241,2.5399782631954992,63.5,0.0365,0.0785,0.10771716603514925
5611.0,4.363,0.439,1.1469909731357617,83.5,0.033,0.041999999999999996,0.08594263216025155
5610.0,4.25,0.2,1.3649916666722672,46.0,0.02,0.02,0.01393053293662938
5609.0,4.487,0.148,0.8069934318550629,89.5,0.0225,0.084,0.07080641618037081
5607.0,4.005,0.19,2.728977782808041,68.0,0.048,0.084,0.09140164633483328
5606.0,4.3623,-0.34,0.9397233105646379,150.0,0.002,0.2,0.0954030797867822
5600.0,4.466,0.22,0.7699987142771365,150.0,0.031,0.09,0.12922992555855806
5599.0,4.48,-0.24,0.7199958612751897,12.0,0.02,0.01,0.009927762008889618
5597.0,4.412,0.001,0.8660042034091711,72.0,0.024,0.0595,0.04573761686139505
5597.0,4.3001,-0.088,1.230013845359849,94.0,0.010950000000000001,0.096,0.10967338773088742
5596.0,4.4,-0.07,1.120005099338192,50.0,0.07,0.06,0.005979937696225623
5587.0,4.484,0.268,0.8050076361080626,19.0,0.016,0.043,0.017798702669657607
5587.0,4.496,0.194,0.7670081876935099,45.0,0.021,0.06,0.030402369130390128
5585.0,4.47,-0.04,0.8199927262703794,60.0,0.05,0.05,0.019762377506010564
5581.0,4.4,0.22,0.9699961265109994,60.0,0.02,0.04,0.034203971098792585
5579.0,4.35,0.12,0.9900109542601704,70.0,0.015,0.04,0.03421707705861826
5577.0,4.03,0.39,2.4100164114883613,100.0,0.05,0.1,0.17373373476183773
5576.0,4.52,0.05,0.6966265141107687,50.0,0.02,0.08,0.06346559160883541
5576.0,4.016,0.421,2.6599899758559764,74.5,0.026,0.05,0.15097760996162113
5576.0,4.33,0.343,1.1609940659851652,85.5,0.042499999999999996,0.0825,0.0579590348106368
5570.0,4.498,0.14,0.7299951924762005,145.0,0.026000000000000002,0.2,0.09903223188266247
5567.0,4.035,0.405,2.520983481423053,75.0,0.0195,0.0385,0.1355621778043148
5566.0,4.22551,0.23,1.3824518053904096,145.785,0.0895675,0.1,0.03335334164507542
5555.0,4.496,0.099,0.7260056491191559,90.0,0.025,0.078,0.03515315546676423
5550.0,4.1,0.2,1.2620018745496357,100.0,0.1,0.1,0.11019731711069736
5549.0,4.29438,0.19,1.1653865460060386,111.72,0.0723945,0.1,0.025607463068053504
5542.0,4.028,0.247,2.3400223205840787,21.0,0.012,0.037,0.06217281387705298
5525.0,4.505,0.09,0.6760051429434254,145.5,0.0205,0.03,0.030781866913198563
5521.0,3.823,0.29,4.5700399861326355,60.0,0.02,0.09,0.1526513953400932
5520.0,4.5,0.08,0.6819931302357812,60.0,0.05,0.045,0.014855191155319136
5520.0,4.148,0.486,2.4100164114883613,140.0,0.025,0.0665,0.10759275750456054
5520.0,4.413,0.385,0.903004677637526,105.0,0.0485,0.057,0.0362323948325976
5519.0,4.516,0.294,0.7050014334091791,77.0,0.025500000000000002,0.08,0.06930428211960526
5515.0,4.46,0.36,0.8184647881347898,126.0,0.051500000000000004,0.07,0.14233700570976782
5513.0,4.445,0.107,0.7679978425171763,72.0,0.024,0.0555,0.041757729243817876
5510.0,4.502,0.28,0.7050014334091791,110.0,0.029,0.074,0.05672132652022838
5500.0,4.411,-0.34,0.8400013808798806,200.0,0.041,0.21,0.16576287890760766
5500.0,4.503,-0.064,0.628999065185515,100.0,0.041,0.054,0.025939789379486988
5500.0,4.52,0.03,0.6194410750767815,100.0,0.05,0.1,0.09220981599383815
5499.0,4.531,-0.049,0.6030037319942385,61.5,0.02,0.0575,0.031143344867506806
5498.0,4.476,0.01,0.6960012186005905,84.0,0.039,0.06,0.07948191543644545
5497.0,4.382,0.274,0.9210007842348022,72.5,0.0235,0.0595,0.0491041453539206
5497.0,4.457,0.297,0.7920087871305074,68.0,0.023,0.057999999999999996,0.0409887066112849
5495.0,4.542,-0.06,0.5890063813507318,69.0,0.038,0.046,0.06628412406194267
5494.0,4.41,0.04,0.7199958612751897,27.0,0.05,0.02,0.02939810676448873
5491.0,4.46,0.17,0.7430020294457631,100.0,0.1,0.06,0.11171088814354929
5490.0,4.04,0.372,2.2590196051025315,110.0,0.0395,0.07050000000000001,0.08338976662372755
5464.0,4.64,0.04,0.549996593976402,100.0,0.1,0.06,0.019649618044070116
5463.0,4.416,0.36,0.8169961312356584,142.5,0.0245,0.02,0.04377267886800579
5460.0,4.496,0.146,0.66700639840271,66.0,0.0225,0.057999999999999996,0.03547474701205189
5460.0,4.5,0.44,0.7079457843841379,81.0,0.05,0.14,0.09836849041621792
5457.0,4.529,-0.079,0.5710051168082259,67.5,0.022,0.057499999999999996,0.028754510791838828
5453.0,4.4256,0.302,0.7900052910832215,31.5,0.0071,0.055499999999999994,0.021228572355087905
5443.0,4.35,0.27,0.6800017024408912,13.5,0.14,0.03,0.03888711845752202
5442.0,4.39,0.34,0.7869914243757462,17.0,0.04,0.03,0.001999841482072384
5433.0,4.48,0.05,0.581005174118754,70.0,0.1,0.03,0.034000901593823185
5431.0,4.514,0.02,0.580764417521312,100.0,0.054,0.1,0.09999411634168417
5430.0,4.37,0.0,0.6199975880723252,26.0,0.04,0.02,0.01968830634576707
5426.0,4.49,0.09,0.700003159130897,100.0,0.11,0.1,0.07590286947195618
5425.0,4.54,-0.15,0.5540003001200583,40.0,0.028,0.05,0.045090633298114746
5420.0,4.494,-0.003,0.6342054941215193,100.0,0.044,0.1,0.0866916952164466
5420.0,4.465,0.033,0.6570070049599265,100.0,0.0405,0.0995,0.02357486296977429
5416.0,4.451,0.133,0.6709961062630134,16.0,0.019,0.023,0.02339877101494381
5404.0,4.281,0.24,1.0470079998610848,68.5,0.011,0.09,0.05062669049573615
5403.0,4.51,0.43,0.6501296903430906,50.0,0.02,0.08,0.04825983752714602
5400.0,4.392,-0.08,0.9506047936562815,100.0,0.016,0.11,0.12262751237574832
5400.0,4.435,0.251,0.7140029399278446,47.0,0.015,0.061,0.027471982629446223
5397.0,4.48,0.16,0.5999982725336438,46.0,0.23,0.1,0.048076352882230444
5394.0,4.463,0.348,0.7059923578936672,64.0,0.022,0.057,0.03507349401904081
5388.0,4.453,0.257,0.700003159130897,67.0,0.0235,0.058,0.036023155695332154
5380.0,4.435,0.25,0.7240023902559726,73.0,0.043,0.07,0.08412380566633121
5368.0,4.39,-0.42,0.6868944383608483,64.0,0.03,0.02,0.002596864820210487
5365.0,4.591,-0.578,0.386002395609372,92.0,0.0335,0.0795,0.01375206382036065
5360.0,4.538,0.1,0.5309944722259565,200.0,0.0325,0.16499999999999998,0.07457355312956238
5359.0,4.397,0.399,0.8040073148999792,86.0,0.035500000000000004,0.07400000000000001,0.02992881985609458
5358.0,4.36,-0.07,0.5699936270941423,22.0,0.05,0.01,0.019661228557495136
5348.0,4.3,-0.15,0.6499949761981433,100.0,0.1,0.06,0.019698254346461497
5345.0,4.31,0.19,0.9311078754678304,100.0,0.12,0.06,0.07209435396243469
5336.96,4.55466,0.0512,0.5141265123074819,105.03,0.0770345,0.0281,0.011725882555281064
5330.0,4.45,0.06,0.6194410750767815,100.0,0.08,0.1,0.113423308969298
5326.0,4.478,0.051,0.5549961877770312,44.0,0.017,0.029,0.031779784312169324
5321.0,4.581,0.071,0.45300187543224035,84.0,0.0175,0.0775,0.03081395546792698
5321.0,4.48,0.12,0.5109989408837075,58.0,0.14,0.05,0.0466776994733174
5320.0,4.516,-0.02,0.5190031574907782,39.0,0.024,0.03,0.015763279502716776
5316.0,4.52626,0.3,0.5379476318431439,104.7,0.0747205,0.03,0.015770447298607437
5315.0,4.458,0.16,0.6199975880723252,60.0,0.018000000000000002,0.05,0.02930666202976434
5311.0,4.449,0.0,0.6249999750398698,77.0,0.022,0.05,0.0546140600217791
5308.0,4.61,-0.25,0.39994474976109745,50.0,0.1,0.08,0.05636403274429033
5306.0,4.524,0.344,0.5600025440780013,72.0,0.0235,0.085,0.03085530719753371
5304.0,4.53,0.19,0.5395106225151276,50.0,0.02,0.08,0.03832206026544488
5303.0,3.79084,0.1,2.877729706540811,105.53,0.0776885,0.1,0.05999210867967175
5295.0,4.46,0.33,0.6397348354826481,100.0,0.06,0.1,0.09745230461020676
5288.0,4.473,-0.05,0.5579946050527004,99.0,0.037000000000000005,0.06,0.028281886292321534
5284.0,4.565,0.162,0.4830031910412297,50.5,0.0095,0.04,0.021977634569323473
5282.0,4.566,0.098,0.4729987575981305,39.5,0.017,0.0675,0.029423574547285447
5281.0,4.526,0.168,0.5160003545069491,81.0,0.0205,0.08549999999999999,0.03406501891155661
5278.0,4.5,-0.27,0.4200006862466315,63.0,0.1,0.04,0.019544246367754425
5277.0,4.35,-0.11,0.5534010769913609,67.0,0.12,0.05,0.006756553641356522
5256.0,4.37,-0.11,0.49000442279323575,29.0,0.05,0.02,0.03848917557426043
5255.0,4.582,0.22,0.458997161700544,11.0,0.0045000000000000005,0.03,0.003976627731448246
5224.0,4.564,-0.294,0.379996853036855,58.5,0.042499999999999996,0.059,0.0354084640280512
5216.0,4.557,0.248,0.4729987575981305,52.0,0.011,0.066,0.023374069864192243
5215.0,4.533,0.103,0.4810054531607244,50.0,0.058,0.081,0.07081580203069632
5213.0,4.51,0.168,0.4999999950079739,69.0,0.0275,0.0575,0.029537202475360846
5212.0,4.64,-0.23,0.3510023305013026,43.0,0.04,0.03,0.006933755868039515
5212.0,4.54,0.04,0.49000442279323575,13.5,0.21,0.1,0.009895243585033575
5205.0,4.515,0.223,0.5010026234353426,59.0,0.022,0.0565,0.024406686359672608
5191.0,4.48,0.152,0.5359940886627048,77.0,0.023,0.058,0.03954253797955137
5180.0,4.514,0.12,0.4860041749236721,190.0,0.018,0.2,0.08496613200871675
5170.0,4.57,0.16,0.4200006862466315,120.0,0.02,0.08,0.019544246367754425
5170.0,4.535,0.24,0.4753352259428053,70.0,0.01,0.11,0.03274685358017876
5166.0,4.51,-0.04,0.3849993532947146,49.0,0.09,0.03,0.006939983858434973
5165.0,4.562,0.124,0.4240040452115673,57.0,0.0165,0.0555,0.021907805696133764
5160.0,4.569,0.13,0.40099596261997517,130.0,0.0315,0.077,0.036682548900922124
5152.0,4.59,-0.05,0.3857980249576848,12.0,0.02,0.02,0.00496903417209868
5150.0,4.503,-0.03,0.4617958226257791,200.0,0.028,0.2,0.0900155726728773
5150.0,4.571,0.09,0.40738027780411273,100.0,0.011,0.17,0.04430222303401138
5145.0,4.54,0.0,0.37199748181842074,50.0,0.09,0.08,0.011812949796573408
5137.0,4.501,0.377,0.48130458625255457,16.0,0.013,0.034,0.008327604406832972
5135.55,4.43883,0.2502,0.5417388730891988,125.965,0.08932000000000001,0.0125,0.017664561231592935
5133.0,4.552,0.287,0.4410014323131407,53.5,0.0165,0.059,0.023829543967710004
5131.0,4.483,0.28,0.4959980853140723,50.0,0.051,0.08,0.05676319974335059
5130.0,3.11,-0.08,23.9883291901949,24.0,0.09,0.05,4.9337220105624375
5128.0,4.56,0.022,0.3879984583519935,79.5,0.0305,0.07150000000000001,0.012286403995438733
5117.0,4.543,0.134,0.41399967481973043,85.5,0.0335,0.0775,0.016167377826322965
5106.0,4.562,-0.03,0.37900068944549237,65.0,0.0365,0.0595,0.03468179793737616
5099.0,4.539,0.05,0.4000000079872419,61.0,0.036,0.041,0.0436271262172937
5098.0,3.5,-0.03,14.588142602753482,44.0,0.1,0.04,0.10042406730586428
5096.0,4.58,0.14,0.36300282093533875,102.0,0.2,0.05,0.007915624751640843
5087.0,4.563,0.105,0.38699914007218755,61.5,0.0295,0.058499999999999996,0.032383155630950955
5081.0,4.533,0.339,0.43500074425308805,55.0,0.035500000000000004,0.058499999999999996,0.036651745252531065
5080.0,4.584,-0.05,0.33700007692099276,130.0,0.029,0.245,0.020381915937400852
5080.0,3.584,-0.08,5.150032859002328,90.0,0.01,0.08,0.16727174723568172
5080.0,4.514,0.32,0.4000000079872419,100.0,0.036,0.071,0.04811598385559138
5078.0,3.19,-0.21,17.69986687745534,22.0,0.06,0.02,0.2974325247461582
5068.0,4.19,0.138,0.4300015291512701,51.5,0.123,0.042499999999999996,0.02131347946707124
5065.0,4.582,0.182,0.37499890535749236,51.0,0.010499999999999999,0.055,0.018539267907989293
5058.0,4.558,0.131,0.38199704203633117,58.0,0.020999999999999998,0.0545,0.01995000009613343
5052.0,4.636,-0.025,0.3059989949155129,66.0,0.014,0.093,0.024981836603709395
5048.0,4.582,0.0,0.3364031083450256,78.5,0.0305,0.041999999999999996,0.009653552074726596
5040.0,3.11,0.02,23.400223205840792,78.0,0.07,0.04,2.0882466288642316
5038.0,3.09,-0.19,18.800093102594257,24.0,0.07,0.02,0.3271962670104216
5026.0,4.57,-0.021,0.33700007692099276,81.5,0.031,0.052500000000000005,0.012757443568206267
5025.4,3.375,0.06,10.009906019122788,19.55,0.0115,0.01,0.15461282091841522
5013.0,4.552,0.171,0.3649975925939452,90.5,0.0115,0.0955,0.03502178668330494
5003.0,4.544,-0.02,0.35899632269921966,94.0,0.0325,0.16899999999999998,0.016114056395741955
4994.0,4.608,0.272,0.2980025634911582,50.0,0.035,0.08,0.010802123975357986
4990.0,2.87,0.07,41.28953576945722,39.0,0.09,0.03,1.0271020798305734
4989.0,2.86,0.14,45.200162900188616,46.0,0.1,0.04,0.9209380715239206
4987.0,4.541,0.305,0.38199704203633117,56.5,0.023,0.058499999999999996,0.01995000009613343
4985.0,4.49,0.11,0.36959832980579393,70.0,0.11,0.08,0.009185682430114056
4985.0,4.545,0.25,0.36800184835450345,50.0,0.049,0.08,0.04100887494547331
4975.03,4.61249,0.08,0.30361973718279806,125.69,0.0889035,0.057,0.011675237721080145
4974.0,3.39,0.205,6.64002936492425,57.0,0.16,0.038,0.4638273003199598
4969.0,4.63,-0.01,2.137962089502232,45.0,0.08,0.02,0.09622414483270303
4962.0,4.37,0.33,0.3083187950249354,134.0,0.26,0.13,0.02485174090675432
4962.0,4.5687,0.166,0.3270016921283103,40.0,0.00665,0.069,0.012287652887445738
4956.0,4.47,-0.31,0.2296148648112362,50.0,0.16,0.03,0.029628677847961804
4953.0,4.553,0.22,0.34400123362459484,60.0,0.0195,0.11,0.022278994052865347
4945.0,2.6,0.03,74.13102413009177,100.0,0.2,0.1,8.81364027797919
4943.0,2.85,-0.19,29.512092266663856,30.0,0.09,0.06,7.634476027168336
4931.0,4.44,0.03,0.33100152905873453,77.0,0.17,0.05,0.02598217016066226
4929.0,4.604,-0.07,0.275397504118172,77.5,0.027,0.235,0.007548477808297704
4927.0,4.548,0.243,0.34600310808407236,57.5,0.039,0.09,0.030394222287051575
4925.0,4.68,-0.37,0.2098939883623524,70.0,0.04,0.04,0.019127278115133164
4917.0,2.98,0.2,43.99972883599892,100.0,0.1,0.09,6.693621147946985
4914.0,4.598,0.044,0.29300160545018455,59.0,0.02,0.0915,0.022091612981673503
4909.0,2.89,0.1,38.11974615982364,32.0,0.01,0.05,0.9773407595876229
4899.0,4.534,0.42,0.3599979270433567,58.5,0.0265,0.0365,0.01469905323548823
4896.0,3.48,0.23,6.34994553119237,110.0,0.1,0.06,0.4257926546605213
4891.0,3.09,-0.01,10.470079998610846,50.0,0.1,0.05,0.2997079050686926
4884.0,4.579,0.02,0.289001435534947,72.0,0.026000000000000002,0.067,0.018028115374790488
4875.0,4.52,0.17,0.3599979270433567,100.0,0.06,0.1,0.009863325550943047
4870.0,4.551,0.08,0.3010024288370056,150.0,0.0485,0.0795,0.045171946948724284
4867.0,2.6,-0.02,58.0096172522704,38.0,0.09,0.03,1.6172879956836859
4866.0,2.97,-0.02,26.099969510270213,100.0,0.06,0.09,1.7417111102225906
4861.0,3.24,0.27,14.100028808959001,100.0,0.08,0.09,1.6980886389942853
4860.0,3.13,0.21,12.302687708123818,100.0,0.14,0.15,1.8314022276148219
4851.0,2.5,-0.67,46.70033543618861,44.5,0.06,0.08499999999999999,1.9588721034938494
4850.0,3.1,0.2,16.39985468914459,100.0,0.2,0.13,2.246790195605585
4845.0,3.25,0.14,10.039914167817969,52.0,0.13,0.03,0.19810344798764845
4842.0,2.86,0.05,29.510053713962296,41.0,0.11,0.03,0.5646235981005994
4840.0,3.11,0.01,14.680133329688053,43.0,0.13,0.03,0.26761058601880894
4830.0,2.53,-0.31,42.65795188015925,100.0,0.2,0.09,0.09811056678494623
4830.0,2.53,-0.5,40.73802778041128,45.0,0.14,0.18,7.624915632152167
4829.0,3.09,0.12,16.39985468914459,102.0,0.325,0.10500000000000001,1.3449540936125368
4826.0,3.19,0.21,11.549947229854663,50.0,0.065,0.1,0.25096305823732656
4823.0,2.99,0.06,13.800029030247268,59.0,0.12,0.06,0.2669897629516358
4820.0,3.51,-0.04,4.168693834703354,20.0,0.06,0.09,1.2174846080369681
4815.0,2.61,-0.1,79.06786279998249,100.0,0.1,0.08,11.22021032844458
4807.0,4.618,-0.18,0.23120647901755947,100.0,0.024,0.1,0.03373371930788854
4806.0,2.85,-0.2,22.3872113856834,45.0,0.18,0.08,6.89904519655858
4803.0,4.644,0.0,0.22600081224453913,55.0,0.028,0.04,0.02165802853297366
4803.0,4.57,0.1,0.26977394324449205,80.0,0.04,0.08,0.0374848697964586
4796.0,2.8,0.28,102.32929922807536,117.0,0.45,0.07,84.13229064197553
4791.0,2.55,-0.36,56.23413251903491,45.0,0.18,0.04,19.080609609317648
4780.0,4.483,0.082,0.3360005590612465,120.0,0.0175,0.079,0.034067955795082205
4780.0,2.94,0.31,46.77351412871981,100.0,0.2,0.18,4.700851290275416
4776.0,2.97,-0.06,16.218100973589298,10.0,0.04,0.06,3.6288468556476303
4769.0,2.37,-0.25,70.79457843841381,15.0,0.06,0.09,25.08575947692629
4766.0,4.579,0.306,0.2753024016145934,53.0,0.0235,0.0765,0.006962655298768272
4766.0,2.5,-0.03,87.98932782169935,43.5,0.085,0.1,5.637139301549716
4757.0,4.49,0.02,0.26999765984012103,89.0,0.05,0.04,0.01930787126168608
4757.0,2.77,-0.14,45.200162900188616,100.0,0.1,0.09,7.570455071313145
4750.0,2.51,-0.4,44.320025337085,51.0,0.05,0.07,3.251242877416484
4738.0,4.56,0.08,0.25999799567092435,100.0,0.04,0.05,0.005932893603529776
4734.0,4.6,0.05,0.2380016675852849,67.0,0.06,0.08,0.013610552748992921
4730.0,4.7,0.11,0.2560000204473399,42.0,0.9,0.09,0.008847478875547543
4725.0,2.76,-0.45,29.512092266663856,10.0,0.04,0.08,5.523763076468956
4723.0,4.614,-0.01,0.21677041048196946,100.0,0.0225,0.1,0.03157640812086582
4700.0,3.244,0.25,7.599937136615268,100.0,0.007,0.1,0.26502188724284315
4687.0,4.62,0.014,0.2219984795437013,65.0,0.1,0.06,0.012639955648939105
4686.0,4.56,0.15,0.26599899758559764,99.0,0.03,0.05,0.013988573466394566
4684.0,4.53,-0.2,0.23700090260495627,99.0,0.08,0.05,0.014554246607852594
4683.0,2.48,-0.22,77.98301105232585,100.0,0.1,0.09,9.431280875519818
4681.53,4.53577,0.0341,0.2581487342714239,139.98000000000002,0.102773,0.0323,0.01202686843871753
4679.0,2.49,-0.38,46.77351412871981,10.0,0.04,0.06,8.754574496663707
4673.0,3.276,0.328,7.360037040573062,94.0,0.081,0.08,0.7329781211038031
4672.0,4.58,-0.04,0.18299954081751735,170.0,0.04,0.07,0.003957502820544148
4664.0,2.71,-0.19,29.499863062460477,53.0,0.04,0.06,1.1226953125558854
4656.1,4.5853,0.099,0.21930069094497961,8.9,0.0021,0.014,0.0020905984871986277
4650.0,4.61,-0.29,0.2098939883623524,60.0,0.01,0.05,0.013957590743040094
4649.0,2.61,-0.22,37.15352290971726,30.0,0.12,0.08,7.641430643053404
4640.0,4.71,0.09,1.5488166189124815,100.0,0.1,0.05,0.03525537047627325
4640.0,4.613,0.003,0.20596811765973644,100.0,0.056499999999999995,0.06,0.00016118499749898096
4635.0,4.579,0.328,0.23900115514847262,52.0,0.0305,0.08449999999999999,0.018654277411200765
4622.0,4.645,-0.02,0.18709836830033227,60.0,0.0215,0.08149999999999999,0.006003950457721383
4610.0,4.64,-0.17,0.17300155231477962,207.0,0.08,0.07,0.003955507020653559
4600.0,4.605,-0.092,0.19499792949034692,105.0,0.026,0.0765,0.024742683887460606
4596.0,4.6,-0.05,0.19199945679542882,64.5,0.025,0.065,0.0049355389563883745
4595.0,4.63,0.35,0.19010782799233,80.0,0.02,0.08,0.01890647382328213
4590.0,4.611,0.18,0.2098988214056818,49.0,0.010499999999999999,0.08,0.007915152212358612
4580.0,4.8,0.12,0.19199945679542882,50.0,0.3,0.02,0.007839518021116099
4551.0,4.629,0.0,0.17298163592151014,100.0,0.020499999999999997,0.1,0.025537699300510447
4550.0,4.642,-0.35,0.15700012565614901,110.0,0.026000000000000002,0.15,0.016973698611404686
4546.0,4.5909,0.186,0.19550145772926666,20.5,0.0039,0.051,0.004155182984077924
4534.0,2.48,-0.13,43.65158322401658,8.0,0.04,0.06,10.53847107575747
4520.0,4.659,-0.003,0.43300209738146994,81.0,0.030000000000000002,0.21,0.3065479096625494
4512.0,4.633,-0.113,0.15990056562406793,19.0,0.011,0.035,0.0030702532918469583
4508.0,4.615,-0.059,0.16629913873131472,43.0,0.013,0.036,0.0060889604815990706
4504.0,2.48,0.03,52.780074633837444,62.0,0.01,0.08,2.059386500924443
4503.0,4.57,0.0,0.1899984246214733,69.0,0.09,0.07,0.009750441263635223
4500.0,4.68,-0.02,0.1673015636398645,100.0,0.1,0.08,0.00501778391296466
4425.0,4.633,0.02,0.1319988051498575,70.0,0.012,0.09,0.0029660371176066652
4414.0,2.24,-0.2,48.97788193684461,15.0,0.06,0.07,26.069205409166887
4413.0,4.629,0.08,0.1540990637107077,76.0,0.028,0.17,0.005113221134813953
4405.0,4.6036,0.208,0.16410053615594372,15.0,0.0077,0.053,0.0025810205551000803
4402.0,4.673,-0.37,0.11694993910198709,100.0,0.0195,0.1,0.017961796435878398
4390.0,4.667,-0.127,0.12540071132481292,50.0,0.012,0.08,0.008611858359278197
4385.0,4.69,-0.08,0.06699925907606577,21.0,0.05,0.02,0.024054937540268627
4375.0,4.42,-0.29,0.13649916666722672,65.0,0.2,0.12,0.005488953470703925
4340.0,4.715,-0.57,0.08892011178579486,177.0,0.035500000000000004,0.18,0.026258060868813993
4324.0,4.74,-0.14,0.09506047936562814,100.0,0.02,0.17,0.00945388984627929
4316.0,4.45,-0.23,0.1319988051498575,70.0,0.15,0.05,0.009646600603373558
4309.0,4.61,0.252,0.1510010614004338,31.0,0.01,0.076,0.003947675810735893
4308.0,1.8,-0.28,239.0011551484727,25.0,0.1,0.33,1.9920665396046786
4300.0,2.0,-0.07,81.2830516164099,50.0,0.2,0.16,27.579871979384635
4300.0,4.58,0.12,0.15199874424986876,60.0,0.06,0.05,0.005885315195102853
4296.0,1.99,-0.46,91.20108393559097,10.0,0.05,0.07,30.945125328155193
4285.0,4.581,-0.12,0.15020002328660653,53.0,0.0345,0.41000000000000003,0.0055960884913252434
4263.0,1.4,-0.31,327.0016921283102,38.0,0.1,0.11,2.9867784549429928
4236.0,4.7,-0.29,0.09900109542601707,12.0,0.05,0.03,0.009040971289060618
4230.0,4.63,0.41,0.1499995651382039,88.0,0.05,0.12,0.01074581635718834
4227.0,4.57,-0.1,0.12900008605085006,85.0,0.05,0.07,0.003939617701852603
4203.0,4.66,-0.05,0.12200004756607695,116.0,0.03,0.09,0.0068098326482074895
4174.0,4.62,-0.58,0.1,38.0,0.025,0.18,0.00954543352612109
4159.0,4.527,0.6,0.14280058941129747,129.0,0.1168,0.09,0.0100469194786372
4157.0,1.7,-0.01,179.61805942264473,10.5,0.05,0.1,10.002169291479518
4153.0,2.1,-0.25,95.9997274392481,83.0,0.1,0.22,0.9950471679806725
4140.0,4.67,0.0,0.09699961265109992,50.0,0.01,0.08,0.003920945098320083
4135.0,5.07,-0.01,0.10098107739687379,36.0,0.27,0.09,0.00012083675618021483
4134.0,4.706,-0.3,0.0790678627999825,154.0,0.0325,0.15,0.019942129599706458
4120.0,4.65,0.24,0.11900083260453191,109.0,0.04,0.1,0.012360175456193986
4115.0,4.64,0.012,0.09699961265109992,43.5,0.0155,0.073,0.007617552266392706
4095.0,1.89,-0.71,501.18723362727246,20.0,0.1,0.09,138.10917885717106
4079.0,4.653,-0.11,0.10099968051211049,70.0,0.051,0.12,0.020031710574163544
4076.0,1.62,-0.91,851.1380382023768,15.0,0.08,0.09,190.4445901947804
4071.0,4.638,0.253,0.10189901829698768,13.0,0.014,0.039,0.0027621874851851413
4065.0,4.65,0.05,0.08766979680949177,51.0,0.04,0.16,0.000627568592587717
4051.0,4.67,0.12,0.13499882857222514,239.0,0.06,0.1,0.001985548759562611
4034.0,4.68,0.05,0.10009906019122791,77.0,0.05,0.13,0.014767635819415828
4026.0,4.45,-0.47,0.08729914695281281,14.0,0.05,0.03,0.0026592651165913
4016.0,4.665,0.322,0.09160095468444289,17.0,0.016,0.057,0.002855717753551812
4014.0,4.68,-0.03,0.07920087871305075,100.0,0.07,0.16,0.0030411954516389172
3997.0,4.64,0.33,0.08829985694994623,51.0,0.04,0.16,0.0002993852564857902
3996.0,4.67,0.14,0.10169977685155847,88.0,0.05,0.12,0.003731581723309542
3990.0,4.61,-0.02,0.09499921136225953,300.0,0.047,0.97,0.025519123087173183
3980.0,4.657,0.25,0.08799945855058901,31.5,0.017,0.1,0.0019773638109376393
3950.0,4.64,0.41,0.0749997818203002,51.0,0.04,0.16,0.0009932585942440467
3940.0,1.1,-0.16,388.2844515320536,40.0,0.2,0.14,0.15196011475603655
3933.0,4.7,-0.03,0.07020046680114565,51.0,0.07,0.16,0.0014841281210720286
3927.0,4.669,0.338,0.08030082367142903,37.0,0.0175,0.069,0.001828768356555703
3926.0,4.7,0.0,0.08999947996372012,100.0,0.2,0.5,0.04107137328649931
3913.0,4.68,0.0,0.08700014971923162,56.0,0.04,0.2,0.0029496929717759413
3913.0,4.68,0.08,0.062230028516915954,51.0,0.07,0.16,0.012456320019022346
3897.0,4.64,-0.06,0.08317637711026708,71.0,0.07,0.09,0.01710703230950751
3896.0,4.73,-0.27,0.056899703064283706,88.0,0.05,0.12,0.002534461998834999
3867.0,4.65,-0.04,0.07585775750291836,69.0,0.06,0.09,0.015601798895482612
3863.0,4.78,-0.19,0.0588802980881764,77.0,0.05,0.04,0.001354187049989835
3860.0,0.9,-0.4,929.0091682480905,100.0,0.1,0.1,40.13516818904117
3844.0,4.704,-0.157,0.05870025663924669,62.0,0.0245,0.0775,0.0018234252277564422
3842.0,4.84,-0.03,0.07230028346168758,32.0,0.08,0.03,0.0017782184089538827
3842.0,4.87,0.05,0.05767664633922506,31.0,0.05,0.1,0.00026500011849232147
3841.0,4.71,-0.18,0.05600025440780012,50.5,0.03,0.1,0.003866209883906919
3837.0,4.71,-0.14,0.060673632958850525,69.0,0.05,0.09,0.012077691524223333
3836.0,4.69,0.05,0.06309573444801933,69.0,0.05,0.04,0.011809596048882848
3816.0,4.72,-0.15,0.05584701947368309,69.0,0.05,0.09,0.010869033984354293
3810.0,4.7,-0.1,0.05300050406396649,17.0,0.1,0.1,0.0019640948904155672
3805.0,4.69,0.13,0.04937987656610564,51.0,0.07,0.16,0.0008917944520142988
3803.0,5.2,-0.43,0.036310313617986784,10.0,0.07,0.04,0.0001797280668030983
3799.0,4.68,-0.01,0.06140023028641631,42.0,0.1,0.28,0.00010029726392617871
3799.0,4.88,-0.02,0.05117996682024609,81.0,0.08,0.05,0.0003388596051189553
3794.0,4.64,0.52,0.0759993713661527,79.0,0.03,0.08,0.003900176583333234
3790.4,4.6831,0.522,0.06359017204776071,5.7,0.0069,0.0395,0.000686644511093154
3790.0,4.68,0.42,0.06929948385767541,59.0,0.04,0.16,0.0023564865792418815
3788.0,4.77,-0.28,0.04120975190973302,54.0,0.069,0.1,0.008201166143016771
3776.9,4.696,0.514,0.06079949891399825,9.5,0.011,0.027000000000000003,0.001481700881092722
3759.0,5.11,-0.24,0.034760018586666136,87.0,0.12,0.04,0.00011984975860079156
3750.0,4.65,0.148,0.06299992029474194,515.0,0.05,0.062,0.02659991981789001
3748.0,4.74,0.16,0.043954161543782455,112.0,0.044,0.14,0.01211184868010801
3747.0,4.686,0.425,0.06129993302249013,64.0,0.014,0.088,0.004718723840970794
3745.0,4.707,0.11,0.04900044227932357,70.0,0.048,0.12,0.009991870710984663
3734.0,4.68,0.08,0.04159968096868142,54.0,0.06,0.19,0.0006943412200064308
3734.0,4.76,-0.15,0.04355118736855686,68.0,0.04,0.09,0.007906074025932429
3728.0,4.76,-0.14,0.043000152915127016,68.0,0.04,0.09,0.008221001039813922
3726.0,4.75,-0.13,0.04385306977749856,68.0,0.04,0.09,0.007878136261924344
3713.0,4.69,0.47,0.05910034280967362,59.0,0.04,0.16,0.00219077883265488
3711.0,4.74,-0.11,0.05290052717796107,88.0,0.05,0.12,0.0023477256824834397
3710.0,4.729,0.27,0.04890012845875455,57.5,0.0285,0.175,0.002298505795237278
3709.0,4.77,0.0,0.03760018658059076,11.0,0.02,0.03,9.986430642627483e-05
3708.0,4.718,0.35,0.051500328590023285,56.5,0.0245,0.11499999999999999,0.0014790211018781765
3690.0,4.725,0.0,0.04429961991003638,50.0,0.0265,0.5,0.003457315950617136
3690.0,4.665,-0.02,0.05600025440780012,300.0,0.048,0.98,0.016397515335495005
3678.0,4.404,0.23,0.09160095468444289,89.0,0.028499999999999998,0.27,0.009810051589658295
3659.0,4.7,0.376,0.04900044227932357,120.0,0.03,0.095,0.004768507916438024
3656.0,4.87,-0.23,0.029512092266663854,51.0,0.07,0.16,0.0007381081193071591
3643.0,4.77,-0.12,0.04099963590417647,142.0,0.03,0.09,0.003822155189270038
3638.0,4.878,-0.3,0.02301441817408509,51.0,0.040999999999999995,0.12,0.005036391754879712
3635.0,4.77,-0.09,0.03950026415978837,88.0,0.05,0.12,0.001472559647635742
3607.0,4.87,-0.34,0.022130947096056376,68.0,0.04,0.09,0.005030793945153506
3600.0,4.98,-0.28,0.025984837186298976,16.0,0.12,0.07,9.764189389235844e-05
3579.0,4.88,-0.09,0.026870144379244582,51.0,0.07,0.16,0.0005347389082660664
3576.0,4.747,0.099,0.03670033259138404,88.0,0.0458,0.117,0.0008415474339684148
3572.0,4.74,0.323,0.04120026410605537,57.0,0.01,0.081,0.0029916098428318695
3568.0,4.862,0.169,0.023060037011259416,44.0,0.027,0.053,0.0006990998858552935
3563.0,4.826,-0.109,0.026289964520097495,77.0,0.0205,0.092,0.0007205792016093011
3558.0,4.884,-0.09,0.020300185198596846,78.0,0.03,0.21000000000000002,0.0014108473242079294
3556.0,4.727,-0.06,0.04549985367579124,70.0,0.029,0.12,0.001665915937798003
3553.0,4.767,0.041,0.03260018014965564,51.5,0.034,0.066,0.0009850445857670226
3551.0,4.75,-0.13,0.032200306087301574,50.5,0.05,0.2,0.002645648474207677
3542.0,4.87,-0.17,0.023449846272213228,70.0,0.05,0.04,0.00011983223884341233
3534.0,4.9,-0.04,0.03235936569296283,51.0,0.07,0.16,0.00038514266091355803
3528.0,4.785,0.148,0.0307503455199701,26.5,0.0165,0.046,0.0008335543174148377
3522.0,4.776,-0.01,0.028900143553494708,70.0,0.026,0.12,0.0026679064244930287
3514.0,4.81,0.17,0.024300208503569055,57.0,0.03,0.12,0.0010216581036124935
3506.0,4.872,-0.2,0.01939992272390983,70.0,0.026,0.12,0.0018152200753119678
3505.0,4.94,-0.12,0.01590999341880535,51.0,0.07,0.16,0.00035606793725359836
3500.0,4.97,-0.08,0.012364882678268518,26.0,0.11,0.07,6.771768651312512e-05
3499.0,4.822,0.09,0.025999799567092443,70.0,0.043,0.12,0.005437462845636214
3499.0,4.94,-0.38,0.012764388088113442,68.0,0.06,0.09,0.00413460261044374
3476.0,4.8,0.05,0.03400008478258593,51.0,0.04,0.16,0.0005651866662648684
3475.0,4.95,-0.05,0.020000000199681043,51.0,0.07,0.16,0.0003172852260484929
3472.0,4.787,0.19,0.0263997612935481,70.0,0.027,0.12,0.00269694207604442
3467.0,4.8,0.09,0.025703957827688632,68.0,0.07,0.09,0.0066493506480561695
3459.0,4.809,-0.07,0.02290023821383637,65.0,0.035500000000000004,0.11,0.0023174050719474235
3451.0,4.96,-0.03,0.0169001282361221,51.0,0.07,0.16,0.00029737910832154137
3447.0,4.83,-0.18,0.014930006609952756,77.0,0.05,0.13,0.000827624177492282
3433.0,4.66,-0.39,0.022769841105818964,100.0,0.07,0.07,0.0004163681788882691
3433.0,4.87,-0.19,0.015523870099580825,68.0,0.01,0.13,7.132570419668416e-05
3422.0,4.68,-0.19,0.017060038228146644,81.0,0.04,0.05,6.997480676671636e-05
3420.0,4.9,-0.1,0.01600000063897936,18.0,0.1,0.1,0.0009706287161341037
3415.0,4.86,-0.46,0.01128002338502823,135.0,0.13,0.26,0.00041251200557057555
3412.0,4.849,0.37,0.0175800457119695,30.0,0.019,0.14,0.00031251556551834155
3406.0,4.83,0.0,0.018535316234148114,69.0,0.03,0.08,0.000463574974038837
3405.0,4.7653,0.17,0.027549898300014593,10.0,0.0067,0.036,0.0006032339558042256
3395.0,4.84,-0.07,0.01095998601533683,51.0,0.04,0.16,0.00018826727965552074
3392.0,4.69,-0.02,0.019300119587775198,44.0,0.04,0.04,0.0002976518931183149
3388.8,4.8976,0.264,0.016230055315603117,68.0,0.063,0.1,0.0003853189332452024
3387.0,4.97,0.12,0.019700171185549738,51.0,0.07,0.16,0.0002975679495293964
3384.0,4.89,-0.02,0.010900087895662278,88.0,0.05,0.12,0.0004390922470515479
3381.0,4.87,-0.13,0.007150065166039225,54.0,0.06,0.19,0.00011901811587671949
3376.0,4.846,-0.01,0.01613986879824255,44.5,0.025,0.215,0.0005211645459134318
3370.0,4.804,0.34,0.01983992380872856,30.5,0.021,0.15,0.00047520695172985176
3370.0,4.8,-0.13,0.006259937540624864,100.0,0.07,0.07,0.0003382174437382259
3358.0,4.85,0.06,0.01649985014952608,92.0,0.11,0.11,0.0019814263950690605
3350.0,4.69,-0.55,0.013708817661648536,50.0,0.1,0.1,0.0008854778411428359
3347.0,4.76,-0.18,0.010106016430855898,50.0,0.13,0.15,6.88760079558294e-05
3347.0,4.81,0.11,0.014999956513820394,54.0,0.06,0.19,0.00018893538761691458
3342.0,4.91,0.03,0.01299989965375454,100.0,0.03,0.07,0.002718731395674151
3341.0,4.96,-0.21,0.011748975549395297,276.0,0.02,0.09,0.0005287910063756611
3326.0,4.85,0.1,0.010660068612648418,54.0,0.06,0.19,0.000109399562158689
3325.0,5.01,0.03,0.01614990604173662,75.0,0.04,0.2,0.00018890959045948612
3324.0,5.05,0.0,0.008670018017473654,51.0,0.07,0.16,0.00010940231531000703
3322.0,4.87,0.27,0.014100028808959001,49.0,0.03,0.09,0.000587856349007561
3317.0,4.9111,-0.15,0.01151012393735847,36.5,0.0089,0.125,0.0004557276025852954
3300.0,5.05,-0.03,0.005919976735187178,50.0,0.05,0.2,6.965162535985591e-05
3300.0,5.094,-0.24,0.004099963590417645,30.0,0.006,0.09,9.881188654351121e-05
3298.0,4.927,-0.209,0.011399872655699769,74.0,0.0335,0.0125,0.001183409711327397
3297.0,5.04,-0.31,0.032200306087301574,21.0,0.04,0.16,0.002537969775565977
3296.0,5.21,-0.32,0.0072799768788612725,42.0,0.07,0.06,0.00014849128353531475
3280.0,5.09,-0.12,0.003314973034453391,40.0,0.09,0.1,1.7927082907098334e-05
3273.0,4.92,-0.12,0.004025965046346094,101.0,0.14,0.17,1.9927641562372984e-05
3266.0,4.827,0.357,0.01849992637393874,36.0,0.01,0.085,0.0010689914062722919
3240.0,5.004,-0.15,0.005160003545069492,61.0,0.021,0.11,0.00019630816004725634
3238.0,5.01,-0.27,0.005440013782467271,48.5,0.04,0.09,0.0007263149863880906
3236.0,5.09,-0.04,0.0036399884030888026,51.0,0.07,0.16,4.965315873937362e-05
3229.0,4.989,-0.18,0.005819960002709255,67.0,0.0245,0.12,0.000401724449240855
3225.0,4.91,-0.03,0.008739971168862255,40.5,0.0225,0.13,0.0002806549485290799
3225.0,5.046,0.04,0.004340002703041642,99.5,0.024,0.2,0.0005462395609575163
3207.0,4.944,0.15,0.008159997017159271,58.0,0.031,0.03,0.00028509630109391226
3200.0,5.01,0.11,0.006340010833740773,75.0,0.02,0.2,0.00010905023720115268
3195.0,4.9,-0.56,0.0035500134624448284,28.0,0.09,0.07,7.128917496144419e-05
3185.0,4.959,0.336,0.0071100065366077264,76.0,0.026,0.06,0.0007465942684726358
3185.0,4.95,-0.07,0.007000031591308968,50.0,0.03,0.02,0.0005763656551076792
3173.0,5.066,-0.13,0.0035100233050130276,53.0,0.027,0.18,0.0003007994340239778
3158.0,4.93,0.07,0.0029440148750156203,54.0,0.06,0.19,2.7863927318272667e-05
3154.0,5.01,-0.13,0.0025399782631954993,54.0,0.06,0.19,1.992337467807267e-05
3151.0,5.17,-0.18,0.002194977132112661,51.0,0.07,0.16,3.964101502148946e-05
3131.0,4.985,0.39,0.005169993534815561,30.0,0.024,0.22,0.0001434163663068485
3130.0,4.93,0.13,0.0029339992601925993,51.0,0.04,0.16,5.255644101585886e-05
3101.0,5.0286,0.24,0.00389995862874433,43.0,0.0083,0.11,0.00019963250438577071
3100.0,5.041,-0.26,0.003450007188671712,27.5,0.020999999999999998,0.24,8.411140536594849e-05
3100.0,4.5,0.01,0.0685993498970005,100.0,0.5,0.05,0.0004981129453901778
3096.0,5.041,-0.15,0.0037999685303685493,48.0,0.016,0.09,0.0002890388640458578
3071.0,5.039,-0.2,0.00358897142052433,28.0,0.027,0.2,6.838409119841026e-05
3034.0,5.19,-0.11,0.0007220046589614493,45.0,0.2,0.28,4.986755059517198e-06
3024.0,5.1,-0.25,0.0014060151490619562,52.0,0.06,0.19,1.8876086568159244e-05
3007.0,5.039,0.142,0.003749989053574924,58.0,0.011,0.087,0.00031667692115762165
2960.0,5.115,-0.09,0.0023000114603619064,55.0,0.094,0.19,9.961273801160735e-06
2850.0,5.126,-0.028,0.001440986791619724,75.0,0.0485,0.089,3.75106712905682e-05
2800.0,5.265,0.07,0.0008350067764690933,29.0,0.014,0.1,1.8790943020980343e-05
