Teff,logg,Meta,eTeff,elogg,eMeta
9360.0,4.31,0.21,150.0,0.04,0.16
8480.0,4.17,-0.51,256.93,0.097,0.11349999999999999
8000.0,3.9,0.29,80.0,0.2,0.13
7650.0,4.2,0.2,250.0,0.5,0.2
7500.0,4.22,0.05,300.0,0.04,0.11
7300.0,4.1,-0.1,100.0,0.2,0.12
7147.0,3.979,0.055,494.5,0.086,0.14650000000000002
7099.0,4.04,0.01,203.61,0.1475,0.158
7044.0,4.05,-0.01,238.39,0.15,0.16349999999999998
7010.0,4.06,0.01,115.105,0.1515,0.148
7005.0,4.04,0.02,176.365,0.1565,0.1475
7000.0,4.13,0.1,250.0,0.02,0.1
6933.0,4.25,-0.05,58.0,0.01,0.2
6900.0,4.05,-0.1,140.0,0.05,0.08
6900.0,3.843,0.0,194.0,0.185,0.275
6850.0,4.1,0.0,125.0,0.2,0.3
6846.0,4.08,0.06,305.20500000000004,0.16749999999999998,0.1565
6826.0,4.08,0.04,301.6,0.173,0.137
6807.0,4.08,0.05,119.095,0.1755,0.14150000000000001
6805.0,4.1,0.04,148.245,0.16599999999999998,0.1395
6778.0,4.09,0.06,333.89,0.1795,0.1505
6769.0,4.09,0.06,166.75,0.1765,0.14250000000000002
6761.0,4.13,0.02,113.85499999999999,0.1655,0.14850000000000002
6747.0,4.09,0.08,197.305,0.179,0.14450000000000002
6747.0,4.17,0.0,383.0,0.04,0.17
6733.0,4.1,0.07,288.77,0.1775,0.15
6730.0,4.16,-0.1,140.0,0.06,0.1
6725.0,4.12,0.02,238.65499999999997,0.16899999999999998,0.14850000000000002
6720.0,4.04,-0.07,100.0,0.1,0.1
6704.0,4.11,0.09,175.10500000000002,0.183,0.14
6700.0,4.197,0.07,100.0,0.019,0.17
6688.0,4.304,0.07,234.0,0.15,0.3
6681.0,4.12,0.06,283.8,0.19,0.14250000000000002
6680.0,4.1,0.05,100.38499999999999,0.1995,0.154
6675.0,4.12,0.04,246.59499999999997,0.1735,0.14800000000000002
6666.0,4.13,0.05,296.63,0.1735,0.14400000000000002
6655.0,4.3,0.13,125.0,0.2,0.05
6620.0,4.15,0.04,178.83499999999998,0.1815,0.14550000000000002
6600.0,4.2,0.03,100.0,0.15,0.1
6600.0,4.42,0.1,200.0,0.01,0.2
6597.0,4.3,0.1,81.0,0.2,0.06
6572.0,4.365,0.07,205.5,0.1365,0.275
6570.0,4.14,0.06,167.175,0.197,0.134
6570.0,4.26,-0.03,220.0,0.025,0.185
6564.0,4.2,0.22,175.945,0.07550000000000001,0.1505
6563.0,4.19,0.03,361.0,0.05,0.16
6561.0,4.14,0.07,159.965,0.194,0.1405
6541.0,4.16,0.04,210.44,0.1885,0.14200000000000002
6520.0,4.25,-0.05,90.0,0.15,0.1
6511.0,4.26,0.07,87.78999999999999,0.051000000000000004,0.1095
6510.0,3.94,0.1,100.0,0.32,0.125
6504.0,4.16,0.04,374.0,0.055,0.15000000000000002
6502.0,4.22,0.17,131.0,0.04,0.1
6501.0,4.054,0.1,213.0,0.21000000000000002,0.275
6496.0,4.19,0.04,147.155,0.1815,0.139
6481.0,3.84,0.06,63.8,0.098,0.0655
6478.0,4.197,-0.06,91.5,0.0445,0.09
6477.0,4.224,0.1,109.5,0.03,0.125
6474.0,4.311,-0.16,204.5,0.1545,0.275
6461.0,4.396,-0.14,191.5,0.1345,0.275
6460.0,3.987,0.072,140.0,0.033,0.0805
6457.0,4.19,0.11,219.995,0.158,0.14300000000000002
6457.0,4.358,-0.06,212.5,0.1445,0.275
6455.0,4.125,-0.36,194.5,0.21000000000000002,0.275
6453.0,4.23,0.35,73.785,0.034,0.053
6450.0,4.035,-0.05,120.0,0.049,0.07
6449.0,4.18,0.04,132.38,0.1985,0.14850000000000002
6440.0,4.22,-0.03,120.0,0.23,0.08
6436.0,4.2,0.04,163.615,0.1915,0.139
6431.0,4.2,0.03,235.32999999999998,0.1935,0.14300000000000002
6430.0,4.033,0.11,130.0,0.029,0.14
6430.0,4.1,0.176,79.0,0.12,0.07
6424.0,4.21,0.05,186.76,0.1905,0.134
6417.0,4.25,0.13,87.28999999999999,0.064,0.098
6410.0,4.1,0.16,125.0,0.012,0.1
6409.0,4.2,-0.1,95.0,0.3,0.2
6406.0,4.24,0.25,88.67,0.061,0.081
6405.0,4.27,0.0,200.0,0.5,0.25
6404.0,4.393,-0.06,182.5,0.12,0.275
6403.0,3.87,0.04,81.465,0.1065,0.0595
6400.0,4.232,0.0,100.0,0.047,0.1
6400.0,4.17,-0.02,100.0,0.04,0.05
6394.0,4.25,0.26,77.305,0.0535,0.0795
6392.0,4.04,0.41,68.52000000000001,0.134,0.0385
6390.0,4.01,-0.5,130.0,0.05,0.1
6388.0,4.22,0.03,126.0,0.194,0.14100000000000001
6386.0,4.21,0.05,320.36,0.1975,0.137
6383.0,4.21,0.06,189.45999999999998,0.182,0.1385
6380.0,4.37,0.15,60.0,0.04,0.04
6377.0,4.24,0.02,123.06,0.182,0.1545
6371.0,4.426,-0.18,188.0,0.13,0.275
6370.0,4.23,0.03,272.71500000000003,0.1965,0.1515
6366.0,4.28,0.12,71.33,0.054,0.0905
6361.0,4.193,-0.08,93.5,0.0285,0.14
6357.0,4.36,-0.1,91.0,0.04,0.05
6356.0,4.28,-0.03,70.14500000000001,0.08149999999999999,0.0925
6351.0,4.29,0.01,213.0,0.035,0.16
6350.0,4.3,0.24,150.0,0.08,0.1
6350.0,4.17,0.07,57.86,0.14950000000000002,0.086
6350.0,4.4,0.1,100.0,0.15,0.14
6347.0,4.464,-0.34,188.5,0.135,0.275
6346.0,4.21,0.09,76.53999999999999,0.119,0.09
6341.0,4.285,0.12,69.0,0.068,0.055
6341.0,4.08,0.09,92.535,0.161,0.10350000000000001
6340.0,4.696,-0.076,200.0,0.3,0.4
6340.0,4.16,-0.38,187.5,0.235,0.29000000000000004
6339.0,4.0,0.13,64.96000000000001,0.11699999999999999,0.086
6337.0,4.24,0.04,216.24,0.1885,0.14550000000000002
6335.0,4.24,0.04,266.095,0.1895,0.14200000000000002
6335.0,4.23,0.05,71.31,0.11,0.0935
6331.0,4.24,0.07,192.975,0.1925,0.14250000000000002
6330.0,4.37,0.31,130.0,0.2,0.15
6329.0,4.196,0.366,65.0,0.106,0.053
6327.0,4.23,0.04,290.07500000000005,0.1975,0.15050000000000002
6327.0,4.252,-0.311,48.0,0.043,0.079
6325.0,4.22,0.11,91.0,0.17,0.1
6324.0,4.23,0.1,122.18,0.1875,0.14200000000000002
6322.0,4.28,0.11,68.3,0.0665,0.0925
6320.0,4.347,0.24,81.5,0.076,0.175
6319.0,4.24,0.06,199.785,0.1915,0.1355
6314.0,4.49,0.04,65.0,0.12,0.043
6310.0,4.31,0.09,61.88,0.0525,0.082
6310.0,4.417,-0.06,186.5,0.13,0.275
6310.0,4.19,-0.16,100.0,0.03,0.05
6308.0,4.56,0.29,28.0,0.07,0.02
6304.0,4.43,-0.03,45.0,0.16,0.05
6302.0,4.308,-0.2,102.0,0.02,0.09
6302.0,4.26,0.02,66.81,0.0975,0.082
6302.0,4.23,-0.06,120.0,0.1,0.1
6300.0,4.14,0.0,125.0,0.25,0.3
6300.0,4.3,0.12,80.0,0.15,0.08
6299.0,4.27,0.03,170.175,0.1875,0.149
6297.0,3.96,0.04,60.0,0.1,0.06
6297.0,4.24,0.04,326.295,0.2005,0.14550000000000002
6296.0,4.25,0.02,185.195,0.1835,0.14350000000000002
6296.0,4.26,0.04,208.905,0.187,0.14550000000000002
6295.0,4.291,0.0,77.0,0.025,0.05
6291.0,3.98,0.19,88.425,0.11699999999999999,0.0925
6289.0,4.3,0.0,75.83500000000001,0.062,0.0785
6280.0,4.259,0.0,120.0,0.031,0.14
6277.0,4.402,0.21,189.0,0.14,0.25
6273.0,4.3,0.18,44.0,0.15,0.04
6272.0,4.25,-0.09,96.0,0.02,0.1
6272.0,4.12,-0.27,61.0,0.07,0.06
6267.0,4.27,0.03,109.215,0.1865,0.14100000000000001
6266.0,4.26,0.02,93.12,0.1885,0.14300000000000002
6265.0,4.11,0.12,50.0,0.11,0.07
6261.0,4.27,0.03,114.25,0.1865,0.1535
6260.0,3.9,-0.18,100.0,0.06,0.1
6260.0,4.25,0.09,127.29499999999999,0.1805,0.136
6260.0,4.29,-0.03,172.26,0.1805,0.175
6256.0,4.27,0.02,119.015,0.174,0.14550000000000002
6255.0,4.11,0.01,66.0,0.11,0.04
6252.6,4.372,0.143,1.69,0.0135,0.020999999999999998
6250.0,4.246,0.432,100.0,0.023,0.057
6250.0,4.4,-0.5,200.0,0.1,0.5
6250.0,4.25,0.0,125.0,0.15,0.3
6250.0,4.3,-0.06,140.0,0.15,0.15
6249.0,4.428,-0.04,195.5,0.128,0.275
6247.0,4.26,0.05,146.505,0.1915,0.1395
6246.0,4.433,0.07,216.5,0.135,0.275
6244.0,4.46,-0.2,197.0,0.135,0.3
6241.0,4.28,0.07,142.6,0.159,0.1405
6241.0,4.29,0.0,107.36500000000001,0.1785,0.155
6239.0,4.26,0.05,20.0,0.04,0.01
6237.0,4.11,0.05,95.18,0.161,0.0795
6236.0,4.36,0.09,57.925,0.0115,0.08349999999999999
6235.0,4.26,0.08,50.0,0.035,0.09
6232.0,4.18,-0.03,36.0,0.02,0.03
6231.0,4.14,0.12,81.55,0.15,0.089
6230.0,4.19,0.12,75.055,0.012,0.082
6229.0,4.359,0.15,100.0,0.045,0.069
6229.0,4.28,0.04,117.67500000000001,0.174,0.15000000000000002
6228.0,4.19,-0.1,66.4,0.133,0.126
6228.0,3.94,0.12,78.345,0.0915,0.09
6227.0,4.28,0.04,139.1,0.184,0.14400000000000002
6225.0,4.132,0.03,66.0,0.005,0.06
6224.0,4.29,0.03,133.585,0.177,0.14150000000000001
6224.0,4.27,0.07,139.25,0.17200000000000001,0.143
6222.0,4.28,0.1,93.5,0.04,0.05
6221.0,4.26,0.06,104.12,0.189,0.1375
6218.0,4.147,0.156,47.0,0.0235,0.0945
6218.0,4.62,0.0,20.0,0.04,0.01
6217.0,4.3,0.04,172.2,0.1805,0.14350000000000002
6216.0,3.673,-0.18,78.0,0.026,0.1
6215.0,4.44,-0.06,226.5,0.1365,0.3
6214.0,4.442,0.07,205.0,0.135,0.3
6214.0,4.382,-0.02,195.0,0.152,0.275
6214.0,4.29,0.03,197.965,0.1555,0.14600000000000002
6213.0,4.387,0.36,216.0,0.126,0.2
6213.0,4.174,-0.055,150.0,0.026,0.03
6213.0,4.29,0.04,235.12,0.1875,0.14800000000000002
6212.0,4.2,0.01,75.0,0.12,0.06
6212.0,4.309,-0.04,123.5,0.10550000000000001,0.15
6211.0,4.232,0.17,66.0,0.006,0.06
6210.0,4.018,-0.14,100.0,0.002,0.05
6210.0,4.24,0.12,65.195,0.116,0.0825
6209.0,4.21,0.16,69.01,0.11199999999999999,0.088
6209.0,4.26,0.09,126.815,0.185,0.1405
6209.0,4.18,-0.08,88.0,0.03,0.06
6208.0,4.454,-0.12,226.5,0.1235,0.3
6206.0,4.33,0.02,63.41,0.059000000000000004,0.0775
6203.0,4.01,0.18,86.13499999999999,0.132,0.098
6202.0,4.422,0.21,124.0,0.081,0.15
6202.0,4.29,0.05,123.245,0.1605,0.14
6202.0,4.29,0.06,167.67000000000002,0.17400000000000002,0.14200000000000002
6200.0,4.072,-0.06,124.0,0.14450000000000002,0.15
6200.0,4.29,0.04,200.985,0.1665,0.136
6200.0,3.7,0.0,100.0,0.1,0.1
6199.0,4.27,0.07,113.02,0.188,0.1305
6198.0,4.3,0.02,153.8,0.171,0.14450000000000002
6197.0,3.837,-0.32,123.0,0.163,0.15
6195.0,4.31,0.02,107.245,0.1565,0.14800000000000002
6195.0,4.3,0.04,185.71,0.16,0.14
6194.0,4.29,0.08,55.894999999999996,0.089,0.078
6194.0,4.32,0.0,132.405,0.112,0.15050000000000002
6191.0,4.28,0.06,307.21500000000003,0.183,0.135
6191.0,4.35,0.26,78.505,0.028999999999999998,0.063
6188.0,4.33,-0.02,60.245000000000005,0.0765,0.09
6187.0,4.26,0.11,64.83500000000001,0.099,0.0815
6186.0,4.3,0.06,155.685,0.179,0.1355
6185.0,4.29,0.05,223.0,0.189,0.14300000000000002
6185.0,4.28,0.23,80.545,0.069,0.081
6184.0,4.28,0.02,79.985,0.101,0.086
6184.0,4.28,0.35,56.275,0.049,0.054
6183.0,4.301,0.26,122.0,0.09,0.15
6182.0,4.29,0.05,173.475,0.177,0.14
6179.0,4.31,0.04,179.76,0.175,0.14750000000000002
6179.0,3.93,0.11,51.28,0.0375,0.0775
6177.0,4.37,0.35,62.0,0.1,0.04
6177.0,4.32,0.03,189.29500000000002,0.1675,0.14900000000000002
6176.0,4.29,0.19,30.0,0.055,0.04
6175.0,4.31,0.04,208.35500000000002,0.1785,0.14350000000000002
6175.0,4.44,-0.42,181.0,0.17,0.29000000000000004
6174.0,4.2,0.41,76.575,0.08349999999999999,0.0375
6174.0,4.417,0.1,216.5,0.135,0.275
6173.0,4.24,0.08,61.11,0.1205,0.07700000000000001
6173.0,4.447,-0.04,214.5,0.14,0.275
6170.0,4.29,0.09,61.0,0.11,0.07
6170.0,4.31,0.0,67.78,0.093,0.0975
6170.0,4.33,-0.01,153.17000000000002,0.14650000000000002,0.158
6170.0,4.25,0.0,1229.695,1.8259999999999998,0.183
6170.0,4.3,0.16,64.85,0.065,0.0885
6169.0,4.21,0.02,67.035,0.133,0.08499999999999999
6169.0,4.47,-0.08,64.0,0.11,0.04
6168.0,4.31,0.03,169.57999999999998,0.1705,0.14450000000000002
6168.0,4.2,0.01,61.0,0.03,0.035
6167.0,4.32,0.01,142.65,0.16,0.153
6167.0,4.333,0.12,123.5,0.0995,0.15
6167.0,4.32,0.01,81.375,0.14400000000000002,0.14400000000000002
6166.0,3.96,0.07,101.25,0.0985,0.0805
6166.0,4.32,0.08,201.08499999999998,0.1685,0.147
6166.0,4.33,-0.01,143.045,0.14750000000000002,0.1675
6164.0,4.227,0.38,122.5,0.11,0.1
6163.0,4.29,0.07,116.47,0.174,0.14100000000000001
6162.0,4.33,0.01,88.96000000000001,0.1395,0.14400000000000002
6161.0,4.32,0.01,211.17000000000002,0.1625,0.154
6161.0,4.545,-0.5,184.5,0.121,0.3
6161.0,4.1,0.3,94.47,0.133,0.0675
6160.0,4.31,0.05,134.425,0.15000000000000002,0.1365
6160.0,4.32,0.03,106.255,0.1525,0.14550000000000002
6160.0,3.976,0.24,123.0,0.1425,0.15
6159.0,4.32,0.05,157.77499999999998,0.149,0.1405
6159.0,4.31,0.03,103.67,0.1715,0.138
6158.0,4.31,0.03,248.31,0.16649999999999998,0.14650000000000002
6158.0,4.32,0.01,287.59000000000003,0.18,0.154
6157.0,4.31,0.03,144.175,0.168,0.14500000000000002
6155.0,4.33,0.03,134.3,0.159,0.149
6155.0,4.34,0.14,60.730000000000004,0.0515,0.0815
6154.0,4.33,0.08,59.870000000000005,0.0675,0.0785
6152.0,4.34,-0.02,203.76999999999998,0.159,0.17099999999999999
6150.0,3.722,0.0,88.5,0.029,0.11
6150.0,4.14,0.05,58.765,0.14600000000000002,0.079
6150.0,3.96,0.22,79.0,0.028499999999999998,0.15
6150.0,4.34,-0.03,87.215,0.1355,0.16
6150.0,4.28,-0.03,66.09,0.1175,0.0975
6150.0,4.102,-0.04,110.0,0.019,0.1
6150.0,4.4,-0.2,100.0,0.12,0.06
6149.0,4.36,0.24,78.775,0.0325,0.076
6146.0,4.3,0.14,62.0,0.02,0.013
6146.0,4.33,0.04,232.635,0.157,0.1505
6144.0,4.13,0.04,54.165,0.014499999999999999,0.0635
6143.0,4.31,-0.01,84.93,0.096,0.087
6140.0,4.34,0.01,140.55,0.14800000000000002,0.1605
6139.0,4.28,0.05,58.97,0.12,0.08349999999999999
6138.0,4.33,0.12,63.730000000000004,0.066,0.07050000000000001
6138.0,4.156,0.049,138.0,0.15,0.235
6137.0,4.33,0.0,168.04000000000002,0.1565,0.1625
6136.0,4.32,0.01,203.51,0.1545,0.15250000000000002
6136.0,4.46,0.06,18.0,0.06,0.02
6133.0,4.33,0.04,139.545,0.156,0.14450000000000002
6132.0,4.29,0.1,117.805,0.1715,0.1355
6132.0,4.29,0.14,111.87,0.1735,0.15
6130.0,4.04,0.05,98.11,0.1445,0.08299999999999999
6129.0,4.31,0.07,96.225,0.151,0.136
6129.0,4.23,0.05,68.61500000000001,0.1225,0.08449999999999999
6127.0,4.33,0.02,242.51,0.1855,0.155
6126.0,4.34,0.01,120.41499999999999,0.14150000000000001,0.154
6125.0,4.33,0.05,134.13,0.14200000000000002,0.14650000000000002
6125.0,4.263,-0.12,21.0,0.031,0.04
6123.0,4.3,0.13,72.185,0.0875,0.0785
6123.0,4.472,-0.14,211.0,0.135,0.3
6123.0,4.55,0.05,65.0,0.11,0.04
6123.0,4.39,0.3,47.0,0.12,0.06
6122.0,4.487,-0.18,179.5,0.13,0.3
6122.0,4.471,-0.1,213.5,0.13,0.3
6122.0,4.487,-0.18,211.0,0.13,0.3
6122.0,4.34,0.29,52.0,0.13,0.06
6120.0,3.94,0.22,140.0,0.04,0.12
6120.0,3.934,0.02,206.0,0.2655,0.275
6120.0,4.13,0.0,50.0,0.1,0.1
6118.4,4.092,0.01,124.2,0.189,0.16349999999999998
6118.0,4.35,0.0,111.91499999999999,0.1355,0.164
6117.0,4.33,-0.06,66.975,0.0935,0.109
6117.0,4.279,0.12,27.0,0.041,0.04
6116.0,4.4,-0.13,62.93,0.063,0.1075
6116.0,4.33,0.05,158.88,0.1635,0.1405
6113.0,4.33,0.07,152.45,0.16,0.139
6113.0,4.26,0.06,67.0,0.11549999999999999,0.0785
6113.0,4.27,-0.02,69.64,0.1275,0.0955
6112.0,3.97,0.03,60.115,0.011,0.0445
6112.0,4.08,-0.06,60.7,0.017,0.07450000000000001
6112.0,4.41,-0.03,64.91499999999999,0.033,0.0965
6112.0,4.33,0.06,157.52,0.1655,0.14150000000000001
6110.0,3.958,0.06,101.0,0.0545,0.07
6109.0,4.35,0.01,172.665,0.133,0.156
6106.0,4.19,-0.15,83.33500000000001,0.0155,0.11
6106.0,4.23,0.36,70.475,0.0975,0.069
6104.0,4.294,-0.2,74.0,0.03,0.1
6104.0,4.35,0.0,168.85500000000002,0.14450000000000002,0.14800000000000002
6102.0,4.247,0.26,54.0,0.033,0.04
6101.0,3.95,0.14,101.565,0.0775,0.087
6100.0,4.29,0.07,100.0,0.02,0.09
6100.0,4.38,0.22,84.945,0.0275,0.07100000000000001
6100.0,4.376,-0.12,203.5,0.15,0.275
6100.0,3.94,-0.1,263.0,0.44,0.08
6100.0,4.19,-0.25,65.0,0.03,0.06
6099.0,4.34,0.02,151.76,0.14600000000000002,0.155
6098.0,4.35,-0.01,107.44999999999999,0.137,0.159
6097.0,4.34,0.07,106.985,0.129,0.139
6096.0,4.39,0.08,32.0,0.01,0.06
6096.0,3.84,0.38,45.7,0.07450000000000001,0.0525
6096.0,4.33,0.07,167.785,0.15,0.14450000000000002
6095.0,4.32,0.08,104.505,0.1575,0.144
6092.0,4.496,-0.22,190.5,0.1365,0.3
6092.0,4.36,-0.01,106.39,0.1315,0.1595
6091.0,4.42,-0.04,188.5,0.18,0.26
6090.0,4.447,0.21,200.5,0.126,0.275
6090.0,4.43,-0.2,70.0,0.1,0.1
6089.0,4.37,-0.03,98.96000000000001,0.11149999999999999,0.16299999999999998
6087.0,4.35,-0.1,67.06,0.088,0.1185
6087.0,4.39,0.02,90.86,0.0465,0.0815
6086.0,4.511,-0.26,191.0,0.1365,0.3
6086.0,4.29,0.03,146.69,0.276,0.192
6085.0,4.451,-0.28,191.0,0.14150000000000001,0.3
6083.0,4.35,0.03,213.575,0.1615,0.15050000000000002
6082.0,4.35,0.01,200.07,0.1495,0.1555
6080.0,4.35,0.02,256.91,0.156,0.14350000000000002
6079.0,4.34,-0.12,93.47999999999999,0.10500000000000001,0.125
6078.0,4.34,0.04,116.845,0.14200000000000002,0.14250000000000002
6077.0,4.36,0.0,235.26,0.13,0.157
6077.0,4.36,0.02,171.735,0.1325,0.15300000000000002
6075.0,4.26,-0.18,81.875,0.11049999999999999,0.1305
6074.0,4.375,-0.54,181.0,0.16549999999999998,0.3
6074.0,4.35,0.02,120.28,0.1385,0.14750000000000002
6072.0,4.411,-0.3,182.0,0.15,0.3
6071.0,4.239,-0.06,134.0,0.13,0.15
6069.0,4.37,0.0,89.905,0.123,0.168
6069.0,4.22,0.1,90.0,0.02,0.05
6068.0,4.04,0.16,82.0,0.147,0.125
6068.0,4.35,0.02,175.56,0.1465,0.14450000000000002
6067.0,4.42,-0.03,65.425,0.034,0.0985
6064.0,4.28,0.14,79.805,0.18,0.14600000000000002
6063.0,4.476,0.07,199.0,0.12,0.275
6063.0,4.47,-0.02,211.0,0.135,0.275
6063.0,4.38,0.41,50.0,0.1,0.08
6062.0,4.37,-0.02,228.58499999999998,0.1495,0.16699999999999998
6061.0,4.486,-0.1,189.0,0.125,0.275
6061.0,4.04,0.14,96.0,0.03,0.06
6060.0,4.32,0.01,66.69,0.0125,0.083
6060.0,4.509,-0.22,172.0,0.12,0.3
6060.0,4.36,0.03,145.075,0.125,0.15000000000000002
6060.0,4.24,0.04,30.0,0.03,0.02
6059.0,4.39,0.16,69.0,0.025,0.04
6058.0,4.34,0.07,134.95,0.1325,0.1455
6058.0,4.29,0.29,82.81,0.0925,0.0685
6056.0,3.797,0.14,81.0,0.19,0.125
6053.0,4.35,0.03,129.96,0.14200000000000002,0.14750000000000002
6052.0,4.42,0.12,49.305,0.017,0.0765
6052.0,4.456,-0.26,181.0,0.14,0.3
6051.0,4.36,0.03,162.72,0.136,0.14250000000000002
6050.0,3.9,0.0,100.0,0.2,0.3
6050.0,4.34,0.19,50.0,0.05,0.05
6050.0,4.44,-0.02,100.0,0.02,0.11
6050.0,4.2485,0.34,100.0,0.001,0.1
6050.0,4.137,0.14,211.0,0.21000000000000002,0.25
6050.0,4.33,0.13,78.14500000000001,0.07350000000000001,0.0795
6047.0,4.343,-0.08,180.0,0.16,0.275
6046.0,4.478,0.07,200.5,0.135,0.275
6046.0,4.158,-0.16,127.0,0.1375,0.175
6046.0,4.4,-0.01,70.625,0.049,0.0945
6045.0,4.37,-0.02,134.59,0.1375,0.1545
6045.0,4.08,0.01,50.0,0.1,0.08
6041.0,4.26,0.33,143.0,0.05,0.11
6040.0,4.26,0.23,90.0,0.06,0.14
6040.0,4.36,0.02,113.63,0.134,0.151
6040.0,3.978,-0.44,201.0,0.3055,0.3
6040.0,4.31,-0.01,90.0,0.065,0.13
6038.0,4.34,0.14,103.51,0.1305,0.145
6037.0,4.38,-0.02,182.675,0.134,0.1585
6036.0,4.491,-0.16,180.0,0.13,0.32499999999999996
6035.0,4.45,-0.09,67.5,0.026000000000000002,0.10250000000000001
6035.0,4.32,0.14,103.03999999999999,0.1635,0.1465
6035.0,4.35,0.05,100.0,0.15,0.15
6033.0,3.985,-0.1,183.0,0.19,0.3
6032.0,4.387,-0.14,210.5,0.1545,0.3
6032.0,4.485,-0.06,189.0,0.135,0.275
6031.0,4.37,0.02,129.71,0.1295,0.14200000000000002
6028.0,4.37,0.06,149.115,0.122,0.133
6028.0,4.189,0.14,81.0,0.1355,0.15
6027.0,4.39,0.0,230.5,0.04,0.18
6026.0,4.37,0.0,96.44,0.068,0.0805
6025.0,4.3,0.18,97.49000000000001,0.0975,0.089
6023.0,4.37,-0.13,74.445,0.095,0.1165
6022.0,4.31,0.07,74.34,0.10650000000000001,0.0835
6021.0,4.38,0.0,93.30000000000001,0.064,0.08
6020.0,4.37,0.03,183.245,0.1395,0.15500000000000003
6020.0,4.39,-0.14,76.86,0.08549999999999999,0.1185
6020.0,4.403,-0.06,211.0,0.14500000000000002,0.275
6020.0,4.389,0.0,120.5,0.0945,0.15
6019.0,4.35,0.03,302.84000000000003,0.16749999999999998,0.14350000000000002
6018.0,4.257,0.06,120.0,0.1245,0.15
6018.0,4.37,0.02,160.76999999999998,0.1335,0.14700000000000002
6017.0,4.24,0.18,46.0,0.03,0.04
6014.0,4.36,0.03,133.29000000000002,0.1505,0.14300000000000002
6014.0,4.37,0.02,255.03,0.16,0.14650000000000002
6014.0,4.39,0.02,80.7,0.054,0.081
6012.0,4.36,0.08,153.345,0.14800000000000002,0.1425
6011.0,4.38,0.03,129.60500000000002,0.125,0.15300000000000002
6010.0,4.13,0.26,140.0,0.04,0.12
6010.0,4.36,0.05,156.67000000000002,0.1235,0.142
6010.0,4.37,0.03,95.16,0.129,0.153
6005.0,4.2,-0.1,50.0,0.05,0.05
6005.0,4.37,0.01,102.22999999999999,0.11649999999999999,0.16299999999999998
6004.0,4.484,-0.02,190.0,0.13,0.275
6004.0,4.4,0.07,75.0,0.15,0.1
6004.0,4.45,-0.18,77.5,0.035,0.06
6002.0,4.49,-0.02,164.0,0.16,0.1
6002.0,4.38,-0.01,83.435,0.11699999999999999,0.16899999999999998
6002.0,4.424,0.2,80.0,0.076,0.15
6000.0,4.09,0.12,100.0,0.05,0.08
6000.0,4.37,-0.01,100.0,0.05,0.09
6000.0,4.44,0.09,75.0,0.1,0.06
6000.0,3.9,0.29,100.0,0.03,0.06
6000.0,4.01,-0.013,40.0,0.16,0.023
6000.0,4.44,0.42,100.0,0.01,0.11
6000.0,4.35,0.07,127.57,0.1355,0.14200000000000002
6000.0,4.363,0.06,120.5,0.1,0.15
6000.0,4.37,0.08,86.86500000000001,0.129,0.1515
5998.0,4.37,0.02,273.1,0.1485,0.14850000000000002
5998.0,4.36,0.07,88.21000000000001,0.136,0.14150000000000001
5997.0,4.28,0.22,71.805,0.11199999999999999,0.079
5995.0,4.37,0.04,111.88,0.129,0.14800000000000002
5994.0,4.43,0.08,92.0,0.025,0.08
5993.0,4.37,0.09,126.75,0.132,0.1495
5992.0,4.36,0.09,118.25,0.137,0.1475
5991.0,4.38,0.01,160.23000000000002,0.123,0.152
5990.0,4.075,-0.2,50.0,0.018,0.07
5990.0,4.2,-0.2,100.0,0.15,0.3
5988.0,4.28,0.07,73.38499999999999,0.128,0.08449999999999999
5988.0,4.02,-0.48,25.0,0.22,0.06
5987.0,4.38,0.01,295.385,0.145,0.1565
5986.0,4.527,-0.5,197.0,0.126,0.3
5986.0,4.38,-0.02,83.96000000000001,0.07250000000000001,0.10550000000000001
5985.0,4.38,0.04,118.385,0.121,0.15000000000000002
5984.0,4.521,-0.2,188.0,0.13,0.3
5983.0,4.41,-0.04,114.37,0.10350000000000001,0.16399999999999998
5982.0,4.493,-0.04,210.5,0.12,0.3
5982.0,4.535,-0.28,177.5,0.126,0.3
5981.0,4.37,0.06,85.13,0.134,0.155
5980.0,3.8,0.15,80.0,0.2,0.08
5980.0,4.359,0.13,49.0,0.014,0.008
5979.0,4.1,-0.18,60.0,0.1,0.04
5979.0,4.39,0.04,98.07,0.11349999999999999,0.156
5979.0,4.21,0.1,52.0,0.1,0.08
5977.0,4.31,-0.01,87.0,0.03,0.05
5977.0,4.42,0.02,18.0,0.02,0.01
5976.0,4.39,-0.08,225.0,0.1345,0.1735
5975.3,3.896,0.252,109.80000000000001,0.041,0.14900000000000002
5975.0,4.39,-0.01,155.905,0.10600000000000001,0.159
5975.0,4.4,0.05,61.265,0.055,0.082
5973.0,4.38,0.15,92.635,0.051500000000000004,0.0595
5973.0,4.171,-0.34,114.0,0.14450000000000002,0.15
5972.0,4.39,-0.01,157.19,0.136,0.1555
5971.0,4.38,0.08,156.10000000000002,0.127,0.145
5971.0,4.36,0.06,148.12,0.152,0.149
5970.0,4.355,0.06,194.5,0.152,0.275
5967.0,4.39,0.04,104.765,0.1175,0.149
5967.0,4.36,0.14,111.435,0.132,0.1545
5967.0,4.17,0.04,50.0,0.1,0.08
5966.0,3.7,0.14,136.0,0.05,0.08
5966.0,4.493,-0.02,196.5,0.128,0.3
5966.0,4.12,0.18,21.0,0.04,0.02
5965.0,4.08,0.04,100.0,0.0345,0.07
5965.0,4.38,0.06,154.115,0.127,0.1395
5964.0,4.39,0.04,114.815,0.1175,0.151
5963.0,4.36,0.15,110.295,0.138,0.1495
5962.0,4.484,-0.2,79.0,0.023,0.1
5961.0,4.3,0.19,67.59,0.1105,0.082
5961.0,4.39,0.0,109.25,0.124,0.16499999999999998
5961.0,4.39,0.01,162.01999999999998,0.138,0.1595
5961.0,4.4,0.01,125.13,0.0985,0.148
5961.0,4.5,-0.01,27.0,0.1,0.04
5960.0,4.09,0.09,52.5,0.02,0.06
5960.0,4.24,-0.17,20.0,0.02,0.02
5959.0,4.486,-0.26,134.0,0.009,0.1
5958.0,4.38,0.03,257.455,0.1435,0.14400000000000002
5958.0,4.39,0.04,129.385,0.124,0.154
5957.0,4.38,0.04,215.25,0.131,0.1525
5957.0,4.4,0.01,106.48,0.11499999999999999,0.1555
5957.0,4.15,0.34,26.0,0.04,0.02
5956.0,4.32,0.09,62.2,0.10400000000000001,0.0805
5956.0,4.35,0.09,79.19,0.1615,0.145
5954.0,4.37,0.09,92.99,0.152,0.159
5954.0,4.38,0.08,71.42,0.10699999999999998,0.1425
5950.0,4.4,0.15,83.0,0.03,0.06
5950.0,4.25,-0.3,150.0,0.3,0.25
5949.0,4.38,0.03,181.49,0.1315,0.14900000000000002
5948.0,4.39,0.01,212.33499999999998,0.1285,0.1535
5947.0,4.175,0.07,100.0,0.013,0.04
5946.0,4.38,-0.1,70.455,0.097,0.1175
5946.0,4.39,0.03,110.10499999999999,0.1225,0.15350000000000003
5946.0,4.227,-0.257,20.0,0.034,0.019
5945.0,4.37,0.09,172.11,0.1395,0.1395
5945.0,4.2,0.1,24.0,0.02,0.04
5945.0,4.33,0.22,110.0,0.1,0.09
5945.0,4.46,0.01,90.0,0.05,0.07
5944.0,4.4,0.02,111.42,0.11199999999999999,0.15050000000000002
5944.0,3.97,0.05,86.46000000000001,0.16949999999999998,0.11050000000000001
5943.0,4.37,0.12,109.61,0.1355,0.1455
5942.0,4.506,-0.06,184.5,0.1235,0.275
5942.0,4.327,-0.04,184.5,0.1615,0.275
5941.0,3.995,0.164,78.0,0.045,0.0815
5941.0,4.36,0.11,99.625,0.1475,0.1445
5940.0,4.231,-0.008,100.0,0.02,0.06
5940.0,4.3,0.14,140.0,0.1,0.07
5940.0,4.39,0.04,81.875,0.1335,0.1525
5940.0,4.24,0.09,100.0,0.12,0.06
5939.0,4.361,0.17,87.0,0.047,0.095
5937.0,4.275,-0.176,138.0,0.15,0.235
5936.0,4.501,0.07,112.0,0.0645,0.15
5936.0,4.42,-0.04,110.575,0.101,0.1765
5935.0,4.41,0.01,95.74000000000001,0.057,0.0905
5935.0,4.39,0.05,154.01999999999998,0.1255,0.14550000000000002
5934.0,4.38,0.08,118.545,0.128,0.1535
5933.0,3.98,0.11,44.0,0.1,0.03
5933.0,4.11,0.19,61.160000000000004,0.022,0.0725
5933.0,4.3,0.07,78.555,0.112,0.0885
5932.0,4.39,0.03,92.425,0.1345,0.15200000000000002
5931.0,4.545,-0.28,169.5,0.11549999999999999,0.3
5931.0,4.35,0.18,94.89,0.1725,0.1515
5928.0,4.4,0.04,161.46,0.1245,0.14200000000000002
5927.0,4.42,-0.01,72.935,0.0565,0.0915
5926.0,4.506,-0.04,193.5,0.13,0.275
5926.0,4.39,0.06,115.22,0.1255,0.151
5925.0,4.394,-0.14,113.0,0.1,0.15
5925.0,4.4,0.03,183.995,0.1185,0.14250000000000002
5924.0,4.47,0.37,64.0,0.18,0.08
5924.0,4.41,0.01,222.12,0.124,0.158
5923.0,4.43,-0.08,135.875,0.1005,0.182
5923.0,4.33,-0.06,72.465,0.1045,0.11499999999999999
5922.0,4.3,0.11,60.0,0.1,0.04
5921.0,4.36,-0.07,26.0,0.045,0.1
5920.0,4.36,-0.06,104.0,0.03,0.08499999999999999
5920.0,4.65,0.05,30.0,0.05,0.02
5919.0,4.36,0.02,100.21000000000001,0.0975,0.0885
5918.0,4.544,-0.26,197.5,0.12,0.3
5918.0,4.403,-0.04,118.0,0.1,0.15
5914.0,4.1,0.34,64.0,0.06,0.11
5913.0,4.35,0.19,101.75,0.1515,0.14300000000000002
5913.0,4.42,-0.03,78.765,0.1205,0.16849999999999998
5913.0,4.4,0.0,105.56,0.123,0.1625
5913.0,4.42,0.0,77.36500000000001,0.0515,0.0905
5912.0,4.5,-0.24,49.0,0.1,0.05
5911.0,4.42,-0.01,102.02,0.1135,0.16999999999999998
5911.0,4.194,-0.049,138.0,0.15,0.235
5911.0,4.39,0.08,19.0,0.03,0.01
5910.0,4.236,0.14,145.0,0.051,0.08
5909.0,4.41,0.0,126.58000000000001,0.11349999999999999,0.16599999999999998
5909.0,4.41,0.05,94.11500000000001,0.111,0.15
5909.0,4.11,0.05,50.0,0.1,0.08
5908.0,4.31,0.12,68.03999999999999,0.111,0.075
5907.0,3.86,0.1,150.0,0.14,0.1
5907.0,4.365,0.29,52.0,0.054,0.07
5906.0,4.42,0.01,169.845,0.10250000000000001,0.15200000000000002
5906.0,4.4,0.1,140.3,0.10849999999999999,0.14350000000000002
5905.0,4.297,0.167,12.0,0.021,0.025500000000000002
5905.0,4.4,0.07,93.275,0.12,0.153
5904.0,4.42,-0.03,167.305,0.0915,0.15550000000000003
5904.0,4.4,0.03,117.13499999999999,0.11699999999999999,0.161
5904.0,4.41,0.03,120.11500000000001,0.1295,0.157
5904.0,4.38,0.05,74.06,0.153,0.15300000000000002
5904.0,4.34,-0.16,22.0,0.03,0.02
5903.0,4.39,0.07,133.485,0.135,0.1575
5903.0,4.437,-0.26,166.5,0.14450000000000002,0.3
5902.0,4.4,0.04,154.28,0.1315,0.14650000000000002
5902.0,4.4,0.04,72.925,0.131,0.15050000000000002
5902.0,4.53,-0.2,61.0,0.1,0.05
5901.0,4.41,0.04,85.6,0.11499999999999999,0.1495
5900.0,4.13,-0.02,100.0,0.05,0.06
5900.0,4.26,0.29,120.0,0.04,0.09
5900.0,4.53,0.15,100.0,0.02,0.09
5900.0,4.3,-0.37,100.0,0.2,0.02
5900.0,4.07,-0.12,15.0,0.04,0.01
5900.0,4.4,-0.1,120.0,0.1,0.1
5900.0,4.3,0.05,100.0,0.2,0.1
5899.0,4.32,-0.05,88.895,0.119,0.11499999999999999
5897.0,4.25,0.02,111.0,0.13,0.15
5896.0,4.27,0.23,68.28999999999999,0.126,0.0755
5895.0,4.41,-0.01,78.715,0.1185,0.1595
5894.0,4.42,0.0,140.395,0.10999999999999999,0.1565
5894.0,4.38,0.34,82.65,0.040999999999999995,0.0695
5893.0,4.42,0.03,180.425,0.1015,0.15200000000000002
5893.0,4.41,0.04,137.465,0.11049999999999999,0.144
5892.0,4.4,0.08,96.19,0.11249999999999999,0.14550000000000002
5892.0,4.36,0.04,58.355000000000004,0.10400000000000001,0.089
5890.0,4.2,0.1,140.0,0.1,0.09
5890.0,4.38,0.13,88.285,0.152,0.149
5890.0,4.42,-0.02,167.065,0.10849999999999999,0.16199999999999998
5890.0,4.25,-0.26,50.0,0.1,0.08
5889.0,4.492,-0.16,196.0,0.1365,0.3
5889.0,4.27,-0.27,74.59,0.1275,0.122
5888.0,4.342,-0.1,111.5,0.115,0.15
5888.0,4.42,0.0,166.88,0.10450000000000001,0.16249999999999998
5887.0,4.41,0.09,116.64,0.116,0.1465
5887.0,4.41,0.01,171.975,0.127,0.1545
5887.0,4.292,0.16,74.5,0.12,0.15
5887.0,4.29,-0.06,117.0,0.1255,0.15
5887.0,4.03,-0.047,46.0,0.05,0.02
5886.0,4.33,0.03,72.08500000000001,0.1085,0.0935
5885.38,4.17384,0.0247,94.35,0.030528,0.0618
5885.0,4.42,-0.03,118.755,0.124,0.173
5884.0,4.15,0.2,75.0,0.15,0.1
5884.0,4.43,-0.07,136.325,0.10500000000000001,0.1725
5884.0,4.36,0.03,97.07,0.10300000000000001,0.084
5884.0,4.39,0.06,90.395,0.1325,0.146
5882.0,4.39,0.03,70.91,0.0775,0.0895
5881.0,4.259,0.16,79.0,0.1245,0.15
5880.0,4.25,0.04,74.78,0.126,0.0875
5880.0,4.29,0.07,83.5,0.04,0.07
5877.0,4.36,0.22,69.59,0.077,0.0795
5877.0,3.927,0.04,116.0,0.14500000000000002,0.15
5876.0,4.4,0.05,126.285,0.1335,0.154
5875.0,4.52,-0.21,61.53,0.015,0.097
5874.0,3.664,0.12,83.0,0.25,0.15
5873.0,4.24,0.22,19.0,0.04,0.01
5872.0,4.332,0.1,74.5,0.109,0.15
5871.0,4.42,0.02,98.32499999999999,0.11649999999999999,0.14450000000000002
5871.0,4.48,-0.17,58.455,0.042,0.11699999999999999
5871.0,4.493,0.21,79.0,0.0645,0.15
5870.0,4.42,-0.06,162.685,0.10650000000000001,0.1685
5870.0,4.42,0.04,144.525,0.1075,0.1555
5870.0,4.39,0.06,100.0,0.1,0.1
5869.0,4.42,-0.04,278.45500000000004,0.12,0.1615
5869.0,4.4,0.05,104.73,0.14400000000000002,0.1495
5869.0,4.17,-0.27,84.5,0.04,0.06
5868.0,4.53,-0.12,157.5,0.1105,0.3
5868.0,4.363,-0.22,111.0,0.109,0.15
5867.0,4.42,-0.14,66.02,0.0915,0.126
5866.0,4.117,-0.2,105.0,0.15,0.15
5866.0,4.175,0.0,111.0,0.14,0.15
5866.0,4.42,-0.01,71.73,0.0675,0.10400000000000001
5866.0,4.4,0.03,77.03999999999999,0.1395,0.15749999999999997
5866.0,4.43,-0.05,128.535,0.095,0.17149999999999999
5865.0,4.36,0.04,91.625,0.10200000000000001,0.092
5865.0,4.163,0.0,111.0,0.14,0.15
5865.0,4.42,0.06,95.78,0.117,0.153
5863.0,4.41,0.02,117.70499999999998,0.1345,0.15500000000000003
5863.0,4.42,0.01,102.285,0.11499999999999999,0.15100000000000002
5863.0,4.24,0.06,80.77,0.1315,0.08249999999999999
5862.0,4.44,-0.09,175.53,0.1015,0.1795
5861.0,4.42,0.02,250.56,0.11599999999999999,0.15000000000000002
5861.0,4.16,0.06,17.0,0.03,0.02
5860.0,4.42,0.06,114.255,0.111,0.1525
5860.0,4.39,0.08,73.375,0.147,0.1505
5859.0,4.5,0.19,50.0,0.1,0.08
5858.0,4.407,-0.12,114.0,0.14,0.11
5857.0,4.44,0.02,139.71,0.096,0.15250000000000002
5857.0,4.43,-0.01,145.075,0.1055,0.15150000000000002
5857.0,4.43,0.03,90.74,0.0975,0.15300000000000002
5856.0,4.386,0.16,79.0,0.0945,0.15
5855.0,4.227,0.26,110.0,0.13,0.15
5855.0,4.125,0.4,111.0,0.14,0.1
5854.0,4.469,0.06,116.5,0.08,0.15
5854.0,4.25,0.05,85.0,0.02,0.05
5852.0,4.559,-0.3,149.0,0.1095,0.3
5852.0,4.44,-0.07,85.82499999999999,0.1065,0.1835
5851.0,4.42,0.05,99.045,0.11549999999999999,0.16099999999999998
5851.0,4.42,0.0,259.355,0.125,0.1565
5850.0,4.45,0.05,71.015,0.037500000000000006,0.087
5850.0,4.33,-0.14,61.165,0.10700000000000001,0.146
5849.0,4.42,0.06,132.32,0.13,0.14500000000000002
5849.0,4.41,0.04,169.945,0.1265,0.14300000000000002
5849.0,4.21,0.13,71.275,0.121,0.088
5849.0,4.39,-0.01,58.57,0.096,0.10400000000000001
5845.0,4.44,-0.05,131.32999999999998,0.10550000000000001,0.17049999999999998
5845.0,4.39,-0.18,13.0,0.02,0.01
5844.0,4.25,0.03,42.0,0.06,0.04
5844.0,4.42,-0.01,266.58500000000004,0.1295,0.15150000000000002
5844.0,4.046,-0.33,12.0,0.016,0.03
5843.0,4.146,0.29,52.0,0.054,0.03
5842.0,4.53,-0.23,54.7,0.010499999999999999,0.081
5842.0,4.45,-0.04,256.385,0.11050000000000001,0.16349999999999998
5842.0,4.43,0.04,128.75,0.116,0.1485
5841.0,4.52,0.07,202.5,0.11499999999999999,0.275
5840.0,4.43,0.04,148.85,0.129,0.14450000000000002
5840.0,4.553,-0.24,174.0,0.12,0.3
5840.0,4.36,0.04,83.975,0.10200000000000001,0.0935
5839.0,4.487,0.09,70.0,0.039,0.04
5839.0,4.41,0.04,123.72,0.1365,0.149
5839.0,4.23,0.34,69.69,0.14,0.054
5839.0,4.43,0.02,115.795,0.107,0.158
5839.0,4.45,-0.07,76.305,0.091,0.16349999999999998
5838.0,4.39,0.01,92.55,0.089,0.0875
5837.0,4.38,0.04,100.525,0.096,0.0945
5837.0,4.42,0.02,70.22,0.127,0.15200000000000002
5837.0,4.45,-0.02,87.75,0.088,0.15999999999999998
5836.0,4.4,0.09,93.67,0.13,0.1485
5835.0,4.42,0.06,127.945,0.11049999999999999,0.152
5835.0,4.44,0.0,78.485,0.1025,0.1685
5834.0,4.39,0.24,126.065,0.13,0.144
5834.0,4.566,-0.5,165.5,0.10500000000000001,0.3
5834.0,4.42,0.06,106.22999999999999,0.11699999999999999,0.1535
5833.0,4.43,0.02,147.115,0.10300000000000001,0.1585
5831.0,4.517,0.0,174.5,0.126,0.275
5831.0,4.42,0.06,115.175,0.1265,0.1395
5831.0,4.43,0.03,94.61500000000001,0.1125,0.15300000000000002
5831.0,4.44,-0.04,124.67,0.10400000000000001,0.16699999999999998
5830.0,4.42,0.05,125.07499999999999,0.1215,0.14650000000000002
5830.0,4.473,0.16,100.0,0.0305,0.07
5829.0,4.42,0.03,98.14500000000001,0.074,0.094
5828.0,4.44,0.03,140.905,0.1,0.1545
5825.0,4.237,0.14,111.0,0.13,0.15
5825.0,4.42,0.06,104.72999999999999,0.1365,0.136
5825.0,4.125,0.02,75.0,0.03,0.1
5822.0,4.351,-0.06,110.5,0.115,0.15
5822.0,4.107,-0.091,138.0,0.15,0.235
5821.0,4.108,0.04,79.0,0.14,0.15
5821.0,4.44,-0.03,173.64999999999998,0.10250000000000001,0.1595
5820.0,4.45,-0.03,87.195,0.094,0.1585
5820.0,4.43,-0.02,207.26,0.10900000000000001,0.15699999999999997
5820.0,4.502,-0.01,80.0,0.014,0.07
5820.0,4.22,0.06,66.64,0.16,0.08299999999999999
5819.0,4.468,0.14,78.0,0.08,0.15
5818.0,4.065,0.24,77.5,0.14150000000000001,0.125
5818.0,4.45,-0.04,87.83,0.0975,0.1725
5817.0,4.4,0.0,85.86,0.08449999999999999,0.097
5817.0,4.43,-0.14,63.16,0.087,0.128
5817.0,4.3,-0.05,46.5,0.05,0.18
5817.0,4.46,0.0,173.0,0.03,0.17
5816.0,4.21,0.12,83.08500000000001,0.135,0.0885
5816.0,4.43,0.03,106.73500000000001,0.117,0.14300000000000002
5815.0,4.43,0.04,119.80499999999999,0.111,0.1475
5813.0,4.4,0.01,94.225,0.086,0.098
5813.0,4.42,0.03,99.025,0.0665,0.0965
5812.0,4.43,0.04,135.575,0.1215,0.14800000000000002
5810.0,4.4,0.06,78.005,0.081,0.0935
5809.0,4.18,0.06,64.47,0.016,0.0605
5808.0,4.26,0.2,40.0,0.045,0.035
5808.0,4.44,0.03,105.06,0.107,0.14800000000000002
5808.0,4.43,0.03,116.29500000000002,0.11599999999999999,0.15000000000000002
5808.0,4.522,-0.06,116.5,0.075,0.15
5808.0,4.172,0.14,78.0,0.135,0.15
5808.0,4.44,0.02,91.28,0.1005,0.14900000000000002
5807.0,4.39,0.02,88.77000000000001,0.0945,0.094
5806.0,4.43,0.03,113.025,0.123,0.1525
5806.0,4.528,-0.04,78.0,0.0455,0.15
5806.0,4.42,0.07,88.715,0.1365,0.14
5806.0,4.43,0.03,146.815,0.1265,0.15899999999999997
5805.0,4.41,-0.281,15.0,0.045,0.013
5803.0,4.42,0.1,94.105,0.10999999999999999,0.151
5802.0,4.36,0.03,69.92,0.10550000000000001,0.089
5802.0,4.45,0.01,136.67,0.096,0.1555
5800.0,4.37,0.16,140.0,0.03,0.14
5800.0,4.22,0.15,100.0,0.04,0.1
5799.0,4.05,-0.03,61.0,0.1,0.04
5799.0,4.39,-0.306,19.0,0.05,0.016
5798.0,4.46,-0.26,58.26,0.083,0.1465
5797.0,4.43,0.03,169.21,0.122,0.14250000000000002
5797.0,4.44,-0.03,189.79500000000002,0.10650000000000001,0.1735
5796.0,4.45,-0.02,76.945,0.093,0.16499999999999998
5796.0,4.43,0.04,135.57999999999998,0.11649999999999999,0.15450000000000003
5794.0,4.45,-0.02,210.615,0.10200000000000001,0.15699999999999997
5794.0,4.43,-0.02,189.5,0.04,0.15000000000000002
5794.0,4.25,0.25,50.0,0.1,0.08
5794.0,4.02,0.1,100.0,0.1,0.06
5793.0,4.44,0.06,150.095,0.11199999999999999,0.14800000000000002
5793.0,4.16,-0.45,59.0,0.02,0.02
5793.0,4.53,0.09,22.0,0.16,0.05
5792.0,4.42,0.05,108.14,0.11599999999999999,0.152
5792.0,4.44,0.0,219.535,0.11499999999999999,0.15450000000000003
5791.0,4.381,0.16,82.0,0.1,0.15
5791.0,4.45,-0.02,127.165,0.104,0.1595
5791.0,4.38,0.04,61.765,0.096,0.089
5791.0,4.47,-0.05,81.0,0.03,0.07
5791.0,3.81,-0.23,50.0,0.1,0.08
5790.0,4.49,-0.12,162.0,0.035,0.16499999999999998
5790.0,4.44,-0.04,40.0,0.05,0.08
5789.0,4.49,0.1,45.375,0.013999999999999999,0.086
5789.0,4.43,0.07,87.25999999999999,0.108,0.1555
5789.0,4.386,-0.292,21.0,0.035,0.02
5789.0,4.39,-0.02,48.0,0.045,0.03
5788.0,4.442,0.16,82.0,0.08499999999999999,0.15
5788.0,4.48,-0.1,173.5,0.035,0.18
5786.0,4.106,-0.02,109.5,0.14450000000000002,0.15
5785.0,4.44,-0.03,249.73000000000002,0.109,0.16449999999999998
5785.0,4.36,-0.01,95.06,0.1115,0.1075
5784.0,4.374,-0.038,138.0,0.15,0.235
5784.0,4.45,0.06,50.0,0.1,0.08
5782.0,4.45,0.01,159.91,0.10350000000000001,0.14950000000000002
5782.0,4.38,0.02,67.975,0.099,0.096
5782.0,4.273,-0.034,138.0,0.15,0.235
5780.0,4.45,0.03,74.935,0.0935,0.15000000000000002
5780.0,4.44,0.0,90.815,0.1115,0.154
5779.0,4.43,-0.2,74.0,0.08,0.07
5778.33,4.265027,0.0183,94.42,0.030225,0.0606
5778.0,4.44,0.06,93.86500000000001,0.107,0.1515
5778.0,4.44,0.02,63.215,0.067,0.0955
5777.0,4.49,0.12,61.0,0.09,0.04
5777.0,4.45,-0.02,210.11,0.11449999999999999,0.1555
5776.0,4.554,-0.18,191.0,0.10500000000000001,0.3
5776.0,4.554,-0.18,146.5,0.1155,0.3
5776.0,4.44,0.05,71.52000000000001,0.104,0.1515
5776.0,4.46,-0.03,144.85,0.097,0.16
5774.0,4.526,-0.22,180.5,0.12,0.3
5774.0,4.49,-0.16,78.285,0.078,0.193
5773.19,4.226014,-0.2172,58.14,0.02197,0.0593
5773.0,4.45,0.02,149.63,0.1235,0.15
5772.0,4.38,0.25,86.0,0.03,0.06
5772.0,4.44,0.03,195.745,0.11599999999999999,0.14200000000000002
5772.0,4.528,0.0,164.5,0.125,0.275
5772.0,4.44,0.04,163.715,0.1255,0.157
5771.0,4.374,0.06,109.5,0.105,0.15
5771.0,4.44,0.04,98.15,0.1205,0.14450000000000002
5771.0,4.45,-0.02,102.565,0.1025,0.1605
5770.0,4.47,0.07,50.0,0.04,0.06
5770.0,4.46,-0.06,67.505,0.085,0.17149999999999999
5770.0,4.3,0.0,63.809999999999995,0.16399999999999998,0.1095
5770.0,4.39,0.03,87.38,0.098,0.093
5770.0,4.1,-0.17,80.0,0.1,0.08
5769.0,4.47,-0.08,132.53,0.08099999999999999,0.1755
5769.0,4.42,0.05,59.805,0.07,0.0905
5769.0,4.45,-0.04,74.55,0.063,0.1095
5769.0,4.4,0.08,38.0,0.06,0.02
5767.0,4.45,0.02,111.445,0.106,0.14600000000000002
5765.0,4.45,0.02,103.455,0.0945,0.156
5765.0,4.45,0.04,148.97,0.10450000000000001,0.155
5765.0,4.38,0.19,18.0,0.03,0.01
5765.0,4.4,-0.39,170.0,0.07,0.25
5763.0,4.314,-0.006,79.0,0.044,0.063
5763.0,4.47,0.23,56.42,0.0175,0.0595
5763.0,4.45,-0.03,117.75,0.1205,0.159
5762.0,4.45,-0.03,248.425,0.10900000000000001,0.16299999999999998
5761.0,4.43,0.06,67.17500000000001,0.122,0.16
5761.0,4.45,0.0,121.35499999999999,0.094,0.14750000000000002
5760.0,4.41,0.11,68.655,0.14450000000000002,0.1445
5759.0,4.48,-0.16,91.46000000000001,0.081,0.2
5758.0,4.21,0.21,87.63,0.134,0.113
5757.0,4.32,0.21,85.0,0.09,0.09
5757.0,4.597,-0.5,155.0,0.09,0.3
5757.0,4.45,0.25,50.0,0.1,0.08
5756.0,4.45,0.06,175.54500000000002,0.114,0.144
5756.0,4.46,0.0,139.24,0.0945,0.14800000000000002
5754.0,4.43,0.07,79.82,0.131,0.148
5754.0,4.37,0.29,79.62,0.08199999999999999,0.0635
5753.0,4.45,-0.01,155.42000000000002,0.112,0.1615
5753.0,4.45,0.03,76.88,0.106,0.14650000000000002
5753.0,4.47,-0.03,89.11000000000001,0.0875,0.15949999999999998
5753.0,4.23,0.13,50.0,0.1,0.08
5752.0,4.58,0.04,100.0,0.1,0.06
5751.0,4.391,0.21,108.5,0.1,0.15
5750.0,4.4,0.0,125.0,0.15,0.3
5750.0,4.3,0.27,90.0,0.07,0.12
5750.0,4.278,0.38,100.0,0.005,0.11
5749.0,4.43,0.15,61.0,0.1,0.04
5749.0,4.547,-0.1,161.5,0.11,0.3
5749.0,4.547,-0.1,161.5,0.1,0.275
5749.0,4.424,0.074,22.0,0.036,0.02
5748.0,4.44,0.27,68.31,0.038,0.068
5748.0,4.16,0.09,79.78,0.1585,0.087
5748.0,4.34,-0.11,50.0,0.1,0.08
5747.0,4.25,0.05,60.785,0.1515,0.0695
5747.0,4.48,-0.1,78.455,0.0785,0.178
5747.0,4.47,-0.04,129.76,0.0925,0.16599999999999998
5747.0,4.208,0.328,53.5,0.0335,0.048
5746.0,4.41,0.02,55.455,0.0905,0.0985
5746.0,4.09,-0.35,62.67999999999999,0.0135,0.087
5745.0,4.46,0.0,172.125,0.1115,0.16
5745.0,4.559,-0.2,191.0,0.10500000000000001,0.3
5744.0,4.47,-0.04,120.705,0.093,0.15999999999999998
5744.0,4.39,0.27,24.0,0.04,0.02
5743.0,4.45,0.03,95.85,0.1205,0.14550000000000002
5743.0,4.48,-0.13,64.545,0.085,0.1785
5743.0,4.46,0.03,75.81,0.092,0.14900000000000002
5742.0,4.204,-0.036,138.0,0.15,0.235
5742.0,3.92,0.287,94.0,0.02,0.09
5741.0,4.48,0.21,53.3,0.0215,0.0735
5741.0,4.495,0.12,171.0,0.13,0.275
5740.0,4.286,0.18,130.0,0.032,0.08
5740.0,4.46,0.03,53.295,0.058499999999999996,0.101
5740.0,4.4,0.0,80.0,0.1,0.1
5738.0,4.426,-0.06,164.5,0.14450000000000002,0.3
5737.0,4.59,-0.18,70.0,0.1,0.2
5737.0,4.455,-0.12,36.0,0.038,0.05
5735.0,4.47,-0.02,77.975,0.0845,0.1565
5735.0,4.47,-0.03,112.35,0.094,0.1535
5734.0,4.24,0.14,50.0,0.05,0.15
5734.0,4.45,0.04,78.25,0.1045,0.14350000000000002
5734.0,4.462,0.04,109.5,0.08499999999999999,0.15
5733.0,4.41,0.11,79.61,0.149,0.14500000000000002
5733.0,3.97,0.3,55.0,0.048,0.04
5732.0,4.46,0.02,67.11,0.0535,0.096
5732.0,4.1,-0.11,60.0,0.1,0.04
5732.0,4.27,0.41,61.9,0.136,0.038
5732.0,4.458,0.22,23.0,0.017,0.02
5732.0,4.371,0.19,53.0,0.039,0.03
5732.0,4.46,0.14,50.0,0.05,0.02
5731.0,4.451,-0.32,109.0,0.095,0.15
5730.0,4.3,0.18,80.0,0.1,0.08
5730.0,4.45,0.06,93.81,0.1145,0.14300000000000002
5730.0,4.394,0.16,81.5,0.1,0.15
5730.0,4.49,-0.17,165.95499999999998,0.08549999999999999,0.1965
5729.54,4.144921,0.1249,99.37,0.031561,0.0624
5728.0,4.45,0.06,99.93,0.114,0.14100000000000001
5727.0,4.45,0.0,136.75,0.11900000000000001,0.151
5727.0,4.41,0.11,32.0,0.03,0.05
5726.0,4.418,-0.1,170.0,0.14450000000000002,0.3
5726.0,4.228,0.16,82.0,0.135,0.15
5726.0,4.314,-0.238,138.0,0.15,0.235
5726.0,4.41,-0.24,15.0,0.01,0.01
5725.0,4.33,0.07,65.0,0.04,0.05
5724.0,4.48,-0.08,73.92,0.0885,0.183
5724.0,4.5,-0.22,72.0,0.1,0.06
5723.0,4.45,0.06,78.38499999999999,0.112,0.153
5723.0,4.47,-0.01,68.05000000000001,0.097,0.161
5723.0,4.49,-0.02,68.98,0.035,0.0985
5722.0,4.47,-0.03,98.57499999999999,0.0945,0.1565
5722.0,4.46,0.04,96.86500000000001,0.1035,0.15050000000000002
5721.0,4.442,0.0,107.5,0.0945,0.15
5721.0,4.517,0.02,114.5,0.07,0.15
5720.0,4.166,0.32,130.0,0.016,0.09
5718.0,4.47,0.01,80.55000000000001,0.082,0.16199999999999998
5718.0,4.46,-0.01,111.86000000000001,0.10250000000000001,0.163
5718.0,4.47,-0.03,171.95,0.098,0.16149999999999998
5717.0,4.46,0.04,76.935,0.1215,0.1585
5717.0,4.501,-0.28,33.0,0.036,0.02
5716.0,4.197,-0.378,138.0,0.15,0.235
5716.0,4.57,0.13,50.0,0.1,0.08
5715.0,4.49,0.05,57.730000000000004,0.025,0.088
5715.0,4.47,0.02,175.865,0.1015,0.15000000000000002
5715.0,4.48,-0.05,88.96000000000001,0.085,0.16499999999999998
5714.0,4.33,0.03,76.32,0.1335,0.0885
5713.0,4.33,0.15,82.54499999999999,0.121,0.0925
5713.0,4.42,-0.1,87.0,0.03,0.06
5712.0,4.359,0.1,77.0,0.11,0.15
5712.0,4.46,0.02,64.83,0.0565,0.099
5711.0,4.1693,0.1415,105.0,0.074,0.0152
5710.0,4.47,0.0,130.21,0.0825,0.155
5710.0,4.47,-0.01,104.065,0.09949999999999999,0.16449999999999998
5709.0,4.44,0.07,111.905,0.1195,0.14400000000000002
5708.0,4.46,0.0,154.29500000000002,0.098,0.15799999999999997
5708.0,4.344,-0.15,28.0,0.004,0.04
5706.0,4.48,-0.09,117.64500000000001,0.0785,0.16849999999999998
5706.0,4.382,0.0,108.5,0.10450000000000001,0.15
5706.0,4.49,-0.11,71.43,0.0785,0.1875
5706.0,4.46,0.05,70.34,0.104,0.14750000000000002
5706.0,4.49,-0.07,116.34,0.0805,0.16599999999999998
5705.0,4.499,-0.06,76.0,0.079,0.15
5705.0,4.48,-0.08,100.445,0.08700000000000001,0.1795
5704.0,4.575,-0.3,177.5,0.1,0.3
5704.0,4.41,0.11,50.0,0.1,0.08
5703.0,4.47,-0.03,145.14,0.098,0.16249999999999998
5702.0,4.258,-0.28,180.5,0.22999999999999998,0.3
5701.0,4.47,0.01,156.975,0.1015,0.14
5700.0,4.395,0.09,100.0,0.041499999999999995,0.09
5700.0,4.18,0.29,100.0,0.02,0.12
5700.0,4.47,0.0,113.60499999999999,0.0875,0.15000000000000002
5700.0,4.434,0.16,77.0,0.09,0.15
5700.0,3.85,0.0,120.0,0.25,0.1
5699.0,4.171,0.3,74.0,0.04,0.1
5698.0,4.46,0.03,106.57,0.112,0.14850000000000002
5698.0,4.46,0.04,67.685,0.09849999999999999,0.15400000000000003
5698.0,4.38,-0.21,55.0,0.03,0.04
5697.0,4.53,-0.08,53.364999999999995,0.015,0.0955
5697.0,4.5,-0.09,60.96000000000001,0.0415,0.119
5696.0,4.519,0.14,77.0,0.06999999999999999,0.15
5695.0,4.28,0.15,74.69999999999999,0.12,0.0815
5695.0,4.398,0.2,58.0,0.015,0.04
5695.0,4.48,0.14,50.0,0.03,0.04
5694.0,4.48,-0.05,143.795,0.082,0.17049999999999998
5694.0,4.47,0.01,71.945,0.0515,0.098
5694.0,4.44,0.05,23.0,0.04,0.02
5693.0,4.46,0.04,110.91499999999999,0.10099999999999999,0.14600000000000002
5693.0,4.57,-0.24,144.5,0.1055,0.3
5693.0,4.38,0.2,62.5,0.045,0.07
5692.0,4.47,0.01,145.12,0.11750000000000001,0.1515
5692.0,4.47,0.04,96.64,0.092,0.14400000000000002
5692.0,4.36,0.04,173.0,0.165,0.275
5691.0,4.139,0.26,77.0,0.17350000000000002,0.15
5690.0,4.045,-0.03,130.0,0.038,0.11
5690.0,4.421,0.04,73.0,0.08,0.07
5690.0,4.43,-0.06,77.07499999999999,0.09,0.1105
5688.0,4.46,0.0,286.33,0.10350000000000001,0.15300000000000002
5687.0,3.973,0.04,108.5,0.15,0.175
5686.0,4.54,-0.18,59.65,0.0135,0.10500000000000001
5685.0,4.417,0.12,74.0,0.08,0.07
5685.0,4.46,0.02,115.345,0.129,0.14750000000000002
5683.0,4.47,-0.01,64.30000000000001,0.0505,0.0995
5683.0,4.47,-0.09,186.48,0.0935,0.1745
5683.0,4.42,-0.55,15.0,0.03,0.06
5682.0,4.46,0.05,94.33000000000001,0.101,0.15
5682.0,4.47,0.04,109.985,0.0965,0.14850000000000002
5682.0,4.418,-0.234,138.0,0.15,0.235
5681.0,4.49,-0.07,103.73,0.082,0.174
5680.0,4.47,-0.02,248.67,0.098,0.156
5679.0,4.47,-0.02,154.625,0.095,0.153
5679.0,4.47,0.04,125.225,0.087,0.1605
5679.0,4.47,0.0,109.85499999999999,0.1,0.16899999999999998
5679.0,4.386,0.21,50.0,0.071,0.08
5678.0,4.46,-0.03,256.765,0.11249999999999999,0.16499999999999998
5678.0,4.215,0.2,179.5,0.20500000000000002,0.25
5678.0,4.321,0.076,138.0,0.15,0.235
5677.0,4.48,0.01,68.795,0.081,0.14350000000000002
5677.0,4.48,0.01,134.76999999999998,0.0885,0.1615
5677.0,4.46,0.05,89.67,0.134,0.14450000000000002
5677.0,4.44,-0.29,38.5,0.02,0.03
5676.0,4.1,0.1,109.5,0.14500000000000002,0.15
5676.0,4.49,-0.05,97.07,0.0795,0.16599999999999998
5675.0,4.47,0.02,60.0,0.03,0.13
5675.0,4.47,0.01,164.375,0.095,0.153
5675.0,4.375,0.16,80.0,0.0635,0.1
5673.0,4.19,0.47,50.0,0.05,0.08
5673.0,4.58,-0.1,50.0,0.1,0.08
5672.0,4.46,0.09,118.57500000000002,0.126,0.151
5671.0,4.48,-0.05,64.715,0.0825,0.16549999999999998
5670.0,4.397,0.06,114.0,0.1,0.15
5669.0,4.468,-0.18,75.0,0.03,0.1
5668.0,4.54,-0.1,51.675,0.0115,0.0875
5667.0,4.49,-0.07,116.25,0.089,0.172
5667.0,4.48,0.01,126.85000000000001,0.093,0.15150000000000002
5667.0,4.12,0.33,50.0,0.1,0.07
5667.0,4.5,0.08,58.0,0.02,0.05
5665.0,4.47,-0.09,204.09500000000003,0.095,0.179
5665.0,4.29,0.23,57.925,0.11649999999999999,0.0775
5665.0,4.48,0.01,69.1,0.093,0.14500000000000002
5664.0,4.47,0.02,83.775,0.1175,0.14400000000000002
5664.0,4.49,-0.04,68.13,0.087,0.17149999999999999
5664.0,4.47,0.04,113.57,0.0945,0.14100000000000001
5663.0,4.5,-0.12,65.96,0.0795,0.178
5663.0,4.47,0.06,72.64,0.112,0.14650000000000002
5661.0,4.47,-0.28,102.11500000000001,0.1005,0.12
5661.0,4.415,0.1,80.0,0.095,0.15
5661.0,4.471,0.0,106.5,0.084,0.15
5660.0,4.3,0.0,100.0,0.5,0.3
5660.0,4.49,-0.03,120.75,0.08,0.16449999999999998
5660.0,4.48,-0.03,95.755,0.089,0.16549999999999998
5660.0,4.49,-0.02,111.24000000000001,0.082,0.1525
5660.0,4.4,0.04,92.0,0.03,0.05
5660.0,4.27,0.27,87.0,0.03,0.06
5659.0,4.48,0.01,97.125,0.089,0.16599999999999998
5659.0,4.46,0.07,70.765,0.1065,0.1515
5658.0,4.48,-0.09,171.195,0.091,0.1765
5656.0,4.47,0.02,69.655,0.102,0.14850000000000002
5656.0,4.162,0.23,60.0,0.054,0.02
5655.0,4.49,-0.03,158.4,0.081,0.1505
5655.0,4.51,-0.13,70.475,0.081,0.183
5653.0,4.5,-0.04,67.71,0.034,0.106
5653.0,4.5,0.15,67.63499999999999,0.019999999999999997,0.081
5653.0,4.48,0.02,127.895,0.0905,0.14600000000000002
5650.0,4.26,0.14,100.0,0.08,0.1
5650.0,4.0,0.15,100.0,0.12,0.1
5650.0,4.5,-0.04,106.5,0.075,0.15
5650.0,4.49,-0.07,172.5,0.035,0.155
5650.0,4.4,0.02,100.0,0.1,0.1
5650.0,4.36,0.19,100.0,0.1,0.06
5649.0,4.49,-0.07,133.965,0.094,0.16799999999999998
5649.0,4.61,0.07,50.0,0.1,0.08
5647.0,4.49,0.0,81.13,0.0815,0.1565
5647.0,4.236,0.34,44.0,0.011,0.04
5646.0,4.48,0.02,182.525,0.0985,0.154
5646.0,4.55,-0.28,186.0,0.1055,0.3
5645.0,4.49,-0.07,82.71000000000001,0.0825,0.16149999999999998
5644.0,4.575,-0.24,152.0,0.09,0.3
5644.0,4.457,0.14,80.0,0.0805,0.15
5644.0,4.5,-0.07,125.74000000000001,0.075,0.16649999999999998
5644.0,4.37,-0.3,71.0,0.03,0.05
5643.0,4.47,0.06,122.215,0.104,0.1435
5643.0,4.48,0.03,117.64500000000001,0.0975,0.15300000000000002
5642.0,4.43,0.04,67.585,0.089,0.0985
5641.0,4.48,0.01,112.505,0.111,0.1585
5640.0,4.492,0.06,107.0,0.079,0.15
5638.0,4.218,0.27,100.0,0.033,0.11
5638.0,4.42,-0.081,50.0,0.1,0.08
5638.0,4.49,-0.08,162.555,0.089,0.16499999999999998
5638.0,4.382,-0.1,13.0,0.028,0.01
5637.0,4.51,0.01,65.41499999999999,0.024,0.103
5636.0,4.47,0.13,160.505,0.098,0.1465
5636.0,4.49,0.04,69.07,0.041,0.099
5636.0,4.49,0.23,50.5,0.01,0.035
5635.0,4.49,0.0,70.38,0.0935,0.155
5635.0,4.49,-0.01,184.20999999999998,0.0995,0.158
5634.0,4.49,-0.07,128.69,0.091,0.177
5634.0,4.51,0.04,44.400000000000006,0.0165,0.0905
5633.0,4.5,-0.05,63.68,0.079,0.166
5633.0,4.296,0.16,76.0,0.1315,0.15
5633.0,4.4,-0.053,111.0,0.07,0.24
5631.0,4.45,-0.02,79.31,0.078,0.10200000000000001
5631.0,4.38,-0.19,50.0,0.1,0.08
5630.0,4.47,0.03,198.925,0.101,0.14400000000000002
5630.0,4.11,0.34,78.0,0.07,0.04
5629.0,4.5,-0.11,70.38499999999999,0.0795,0.17099999999999999
5628.0,4.49,-0.04,152.5,0.0875,0.16849999999999998
5627.0,4.5,-0.01,77.595,0.0805,0.16699999999999998
5626.0,4.45,0.08,61.0,0.03,0.04
5626.0,4.49,-0.01,135.59,0.0835,0.15949999999999998
5625.0,4.49,0.26,90.0,0.02,0.1
5625.0,4.29,0.34,60.0,0.05,0.04
5625.0,4.54,-0.01,80.0,0.09,0.06
5624.0,4.47,0.08,83.10499999999999,0.10099999999999999,0.14100000000000001
5623.0,3.926,-0.11,50.0,0.011,0.08
5623.0,4.48,0.01,292.855,0.094,0.1565
5622.0,4.54,-0.04,63.24,0.011,0.089
5620.0,4.162,0.21,57.0,0.03,0.014
5620.0,4.55,-0.19,43.5,0.015,0.06
5620.0,4.5,-0.07,70.0,0.08,0.07
5620.0,4.5,0.28,31.0,0.08,0.03
5618.0,4.49,0.0,289.51,0.092,0.16049999999999998
5618.0,4.401,0.0,106.5,0.1,0.15
5618.0,4.47,0.08,66.765,0.1085,0.1395
5616.0,4.46,0.09,90.35,0.1225,0.1385
5616.0,4.48,0.01,60.650000000000006,0.0555,0.1015
5616.0,4.48,0.01,111.38,0.09,0.14950000000000002
5615.0,4.505,0.24,112.0,0.075,0.15
5614.0,4.51,-0.08,71.975,0.0665,0.16749999999999998
5614.0,4.5,-0.03,89.64500000000001,0.08399999999999999,0.157
5614.0,4.5,-0.04,149.535,0.086,0.16399999999999998
5612.0,4.5,-0.07,111.46000000000001,0.0805,0.1785
5612.0,4.5,-0.03,122.20500000000001,0.0785,0.16149999999999998
5612.0,4.5,-0.01,112.20500000000001,0.0805,0.15050000000000002
5612.0,4.49,0.03,92.275,0.086,0.14400000000000002
5612.0,4.49,-0.01,111.875,0.0865,0.16399999999999998
5612.0,4.2,0.194,50.0,0.1,0.08
5611.0,4.5,-0.04,141.95499999999998,0.08,0.16799999999999998
5611.0,4.144,0.16,79.5,0.15,0.15
5610.0,4.16,0.15,150.0,0.07,0.1
5610.0,4.49,0.04,93.08500000000001,0.043,0.1045
5610.0,4.43,-0.19,30.5,0.035,0.03
5609.0,4.5,-0.01,111.315,0.08499999999999999,0.1565
5608.0,4.47,0.08,80.51,0.1065,0.156
5608.0,4.48,0.08,97.89500000000001,0.121,0.14500000000000002
5605.0,4.49,0.01,106.06,0.10149999999999999,0.1535
5603.0,4.53,-0.25,72.325,0.0765,0.1935
5602.0,4.5,-0.06,160.945,0.0815,0.16599999999999998
5602.0,4.404,0.1,158.0,0.152,0.275
5601.0,4.51,-0.08,88.89500000000001,0.0805,0.1745
5601.0,4.406,-0.216,138.0,0.15,0.235
5600.0,4.4,-0.07,100.0,0.02,0.07
5600.0,4.452,-0.25,100.0,0.025,0.1
5600.0,4.4,0.15,150.0,0.125,0.1
5600.0,3.96,-0.17,50.0,0.02,0.03
5600.0,4.28,0.35,40.0,0.05,0.03
5599.0,4.02,0.36,87.0,0.03,0.05
5599.0,4.1,0.38,85.0,0.03,0.05
5598.0,4.49,-0.01,126.07,0.085,0.157
5597.0,4.5,-0.06,91.565,0.0915,0.1725
5596.0,4.5,-0.08,157.39499999999998,0.0875,0.174
5595.0,4.49,-0.06,231.325,0.0935,0.16799999999999998
5594.0,4.48,0.0,80.715,0.056,0.1045
5594.0,4.489,0.16,79.0,0.0755,0.15
5593.0,4.49,0.03,81.345,0.1045,0.14350000000000002
5592.0,4.38,0.06,50.0,0.1,0.08
5591.0,4.559,0.07,158.0,0.11,0.275
5590.0,4.49,0.0,88.465,0.052,0.1045
5590.0,4.412,0.014,138.0,0.15,0.235
5590.0,3.99,0.01,100.0,0.065,0.13
5589.0,4.48,0.01,157.155,0.131,0.20400000000000001
5586.0,4.47,0.01,53.53,0.057499999999999996,0.111
5585.0,4.49,0.48,184.5,0.10999999999999999,0.175
5585.0,4.4,0.1,120.0,0.2,0.1
5582.0,4.51,0.05,54.775,0.026,0.107
5582.0,4.42,0.37,57.46,0.0635,0.051000000000000004
5582.0,4.49,0.04,63.699999999999996,0.086,0.14400000000000002
5581.0,4.51,0.0,76.63499999999999,0.0305,0.099
5580.0,4.52,-0.25,70.0,0.12,0.08
5579.0,4.5,0.0,71.88499999999999,0.081,0.14750000000000002
5578.0,4.49,-0.01,75.47,0.0555,0.108
5578.0,4.408,-0.005,46.0,0.017,0.059
5575.0,4.5,0.0,126.605,0.0835,0.1545
5575.0,4.5,-0.04,84.57,0.08,0.16749999999999998
5573.0,4.29,0.11,78.59,0.1285,0.0835
5573.0,4.562,-0.04,157.5,0.1,0.3
5570.0,4.49,-0.01,248.35,0.098,0.1575
5570.0,4.458,-0.18,157.5,0.1365,0.3
5570.0,4.48,0.1,73.25999999999999,0.09799999999999999,0.154
5569.0,4.5,-0.02,138.01,0.07150000000000001,0.14900000000000002
5569.0,4.61,-0.06,50.0,0.1,0.08
5568.0,4.499,0.44,174.5,0.11549999999999999,0.175
5568.0,4.49,0.04,79.405,0.09949999999999999,0.15200000000000002
5568.0,4.52,-0.11,164.0,0.035,0.16
5566.0,4.5,0.03,74.35,0.0815,0.14450000000000002
5564.0,4.49,0.01,214.97,0.088,0.15250000000000002
5564.0,4.41,0.06,63.269999999999996,0.10350000000000001,0.081
5563.0,4.45,0.014,138.0,0.15,0.235
5561.0,4.263,0.16,79.0,0.14,0.15
5561.0,4.313,-0.021,138.0,0.15,0.235
5560.0,4.41,-0.1,80.0,0.04,0.05
5560.0,4.44,-0.24,45.0,0.03,0.02
5559.0,4.51,-0.05,83.395,0.07050000000000001,0.15749999999999997
5559.0,4.51,-0.1,102.53999999999999,0.0815,0.16699999999999998
5558.0,4.51,-0.04,141.3,0.0775,0.16899999999999998
5558.0,4.368,-0.116,138.0,0.15,0.235
5558.0,4.46,-0.37,70.0,0.02,0.05
5558.0,4.48,-0.13,100.0,0.1,0.08
5557.0,4.51,-0.06,117.72,0.07450000000000001,0.16299999999999998
5557.0,4.198,0.0,100.0,0.16,0.15
5557.0,4.037,0.16,77.5,0.15,0.125
5557.0,4.51,-0.02,79.535,0.078,0.1545
5556.0,4.49,0.08,70.15,0.0935,0.162
5556.0,4.5,0.05,72.705,0.04,0.1055
5555.0,4.52,-0.13,59.7,0.0425,0.1215
5553.0,4.33,0.16,74.0,0.11850000000000001,0.15
5550.0,4.35,0.35,150.0,0.16999999999999998,0.1
5550.0,4.5,0.46,174.5,0.11499999999999999,0.175
5550.0,4.5,-0.04,264.63,0.08499999999999999,0.15899999999999997
5550.0,4.5,0.01,87.805,0.088,0.152
5550.0,4.5,0.05,129.625,0.08399999999999999,0.14
5549.0,4.51,-0.05,73.545,0.087,0.16399999999999998
5549.0,4.6,-0.54,163.0,0.079,0.3
5549.0,4.51,-0.07,130.565,0.07250000000000001,0.16699999999999998
5548.0,4.56,0.26,50.0,0.1,0.08
5547.0,4.49,0.06,63.125,0.09649999999999999,0.1515
5545.0,4.53,0.06,33.0,0.02,0.02
5545.0,4.379,-0.06,19.0,0.03,0.016
5545.0,4.53,-0.13,73.765,0.069,0.186
5545.0,4.51,-0.04,90.345,0.08399999999999999,0.16249999999999998
5544.0,4.51,-0.08,20.0,0.03,0.02
5544.0,4.51,-0.03,72.89,0.0805,0.16099999999999998
5544.0,4.2,0.17,33.0,0.08,0.03
5543.0,4.5,0.04,120.13,0.088,0.1505
5543.0,4.973,-0.543,138.0,0.15,0.278
5542.0,4.42,0.31,74.99000000000001,0.07500000000000001,0.067
5541.0,4.49,-0.02,65.145,0.0545,0.10400000000000001
5541.0,4.472,0.12,105.5,0.08,0.15
5541.0,4.5,0.01,81.11500000000001,0.08399999999999999,0.15899999999999997
5540.0,4.42,0.14,140.0,0.02,0.19
5540.0,4.7,0.1,75.0,0.2,0.08
5539.0,4.341,0.18,73.0,0.1,0.07
5539.0,4.53,-0.15,129.03,0.072,0.199
5539.0,4.51,0.0,80.35,0.081,0.157
5538.0,4.409,0.18,75.0,0.02,0.07
5538.0,4.5,0.08,132.76,0.08,0.14200000000000002
5535.0,4.49,0.12,77.02,0.08299999999999999,0.146
5535.0,4.5,0.0,247.825,0.0945,0.15200000000000002
5534.0,4.62,0.22,100.0,0.1,0.06
5533.0,4.51,-0.03,101.44,0.07200000000000001,0.16499999999999998
5533.0,4.52,0.04,76.445,0.031,0.10200000000000001
5532.0,4.3,0.08,90.0,0.08,0.135
5532.0,4.52,0.218,78.0,0.13,0.08
5530.0,4.586,-0.22,166.0,0.09,0.3
5530.0,4.425,-0.34,165.0,0.16999999999999998,0.32499999999999996
5530.0,4.46,0.2,61.83,0.1145,0.1545
5530.0,4.45,-0.12,35.0,0.03,0.02
5529.0,4.393,0.162,75.5,0.023,0.08049999999999999
5528.0,4.5,0.03,83.735,0.0805,0.1505
5528.0,4.45,-0.1,91.5,0.03,0.04
5527.0,4.51,0.01,77.345,0.0775,0.14950000000000002
5527.0,4.571,0.09,100.0,0.015,0.1
5527.0,4.51,0.03,153.675,0.076,0.14700000000000002
5526.0,4.5,0.02,67.83500000000001,0.0485,0.102
5525.0,4.55,0.09,50.0,0.1,0.08
5524.0,4.51,0.0,117.32,0.0795,0.16249999999999998
5523.0,4.5,0.07,91.18,0.08249999999999999,0.1485
5523.0,4.524,0.05,69.0,0.017,0.06
5522.0,4.53,-0.04,59.23,0.034,0.111
5522.0,4.52,-0.09,90.44,0.07450000000000001,0.1805
5522.0,4.41,0.11,50.0,0.1,0.08
5521.0,4.51,0.01,59.835,0.0395,0.1025
5520.0,4.42,0.2,60.0,0.01,0.05
5520.0,4.5,0.07,90.53,0.082,0.1535
5520.0,4.32,0.27,80.0,0.1,0.09
5519.0,4.51,0.01,62.334999999999994,0.079,0.14500000000000002
5519.0,4.53,0.0,67.0,0.02,0.05
5518.0,4.51,-0.01,142.695,0.07450000000000001,0.16399999999999998
5518.0,4.52,-0.05,59.4,0.076,0.16849999999999998
5517.0,4.5,0.03,89.355,0.07200000000000001,0.164
5516.0,4.544,-0.14,149.0,0.0955,0.3
5516.0,4.399,-0.06,166.0,0.15999999999999998,0.3
5515.0,4.54,-0.03,50.235,0.019,0.10200000000000001
5515.0,4.52,-0.08,192.0,0.0775,0.16749999999999998
5513.0,4.52,-0.01,123.63,0.0825,0.1635
5513.0,4.551,-0.16,166.0,0.0955,0.3
5512.0,4.18,0.05,76.55,0.13849999999999998,0.066
5511.0,4.439,-0.162,138.0,0.15,0.235
5510.0,4.44,0.29,110.0,0.03,0.12
5510.0,4.572,-0.16,157.5,0.095,0.3
5508.0,4.52,-0.07,131.44,0.069,0.1785
5508.0,4.569,0.07,104.5,0.06,0.15
5507.0,4.5,0.06,64.415,0.08349999999999999,0.16649999999999998
5507.0,4.51,0.02,149.60500000000002,0.0795,0.15550000000000003
5507.0,4.68,0.13,50.0,0.1,0.08
5507.0,4.472,0.14,10.0,0.043,0.06
5506.0,4.584,-0.2,166.0,0.09,0.3
5505.0,4.503,-0.04,164.0,0.1105,0.3
5504.0,4.51,0.01,79.89,0.08099999999999999,0.15250000000000002
5503.0,4.45,0.07,49.5,0.02,0.07
5502.0,4.52,-0.09,131.12,0.074,0.16199999999999998
5500.0,4.5,0.05,82.955,0.09,0.1485
5500.0,4.07,0.01,100.0,0.11,0.11
5500.0,4.21,0.33,100.0,0.05,0.08
5500.0,4.6,0.0,45.0,0.07,0.02
5499.0,4.53,-0.1,64.765,0.07050000000000001,0.172
5499.0,4.5,-0.23,109.0,0.04,0.16
5498.0,4.54,0.1,64.485,0.014499999999999999,0.08499999999999999
5498.0,4.77,0.18,54.0,0.23,0.27
5496.0,4.5,0.06,79.81,0.08549999999999999,0.14950000000000002
5495.0,4.446,0.07,50.0,0.01,0.08
5495.0,4.442,0.16,78.0,0.08549999999999999,0.15
5494.0,4.51,0.05,86.985,0.0735,0.158
5493.0,4.53,-0.11,121.205,0.068,0.1775
5493.0,4.4,0.07,62.0,0.1,0.05
5492.0,4.389,0.16,78.0,0.1,0.15
5491.0,4.52,-0.03,67.535,0.073,0.15450000000000003
5491.0,4.55,0.27,58.0,0.102,0.08
5490.0,4.54,0.17,42.05,0.009999999999999998,0.062
5487.0,4.46,0.13,63.36,0.068,0.0915
5486.0,4.55,0.01,78.145,0.011,0.094
5486.0,4.51,0.04,85.455,0.074,0.1495
5485.0,4.34,0.0,63.0,0.11,0.01
5485.0,4.53,-0.12,101.345,0.07150000000000001,0.16449999999999998
5485.0,4.52,-0.03,87.245,0.0655,0.1575
5482.0,4.51,0.05,113.41999999999999,0.0775,0.14750000000000002
5482.0,4.6,0.09,50.0,0.1,0.08
5479.0,4.53,-0.11,80.8,0.075,0.16799999999999998
5479.0,4.437,-0.064,27.0,0.045,0.025
5478.0,4.54,0.01,63.995000000000005,0.019000000000000003,0.1015
5478.0,4.354,0.16,78.0,0.114,0.15
5477.0,4.557,0.21,181.5,0.09,0.25
5476.0,4.52,-0.03,149.04500000000002,0.07100000000000001,0.15250000000000002
5476.0,4.426,0.33,75.0,0.06,0.07
5475.0,4.503,0.32,127.0,0.016,0.09
5475.0,4.33,0.09,81.87,0.179,0.08199999999999999
5475.0,4.521,0.14,77.5,0.0665,0.15
5474.0,4.51,0.02,147.005,0.07400000000000001,0.1545
5474.0,4.43,-0.29,65.0,0.1,0.043
5473.0,4.606,-0.49,121.0,0.013,0.1
5473.0,4.53,0.04,87.10499999999999,0.024,0.10300000000000001
5472.0,4.5,0.12,91.33,0.081,0.1585
5471.0,4.54,-0.12,127.77499999999999,0.07250000000000001,0.183
5471.0,4.51,0.06,93.605,0.0785,0.1505
5470.0,4.52,0.03,84.375,0.075,0.14500000000000002
5470.0,4.53,-0.11,95.41499999999999,0.069,0.1765
5468.0,4.56,-0.04,69.22999999999999,0.0115,0.1015
5468.0,4.171,0.14,73.0,0.17350000000000002,0.125
5462.0,4.52,0.02,70.505,0.0745,0.15000000000000002
5461.0,4.52,-0.02,182.86,0.0685,0.16
5461.0,4.55,0.09,56.885,0.009999999999999998,0.0875
5460.0,4.47,0.25,50.0,0.08,0.04
5459.1,4.52,0.161,87.6,0.0195,0.1155
5455.0,4.3,-0.03,80.0,0.5,0.08
5455.0,4.53,-0.07,84.2,0.0655,0.16449999999999998
5455.0,4.457,-0.34,162.0,0.14700000000000002,0.32499999999999996
5453.0,4.54,0.0,79.1,0.0195,0.0965
5453.0,4.53,-0.04,73.29499999999999,0.0615,0.16549999999999998
5452.0,4.53,-0.09,108.6,0.07050000000000001,0.1635
5452.0,4.585,-0.027,138.0,0.15,0.235
5450.0,4.45,0.01,60.0,0.05,0.05
5450.0,4.563,0.1,108.0,0.0555,0.15
5448.0,4.53,-0.02,62.1,0.067,0.158
5447.0,4.49,0.14,71.55000000000001,0.0535,0.0965
5446.0,4.525,-0.2,162.0,0.099,0.3
5446.0,4.53,-0.02,85.385,0.078,0.16149999999999998
5445.0,4.54,-0.1,107.52000000000001,0.07400000000000001,0.16899999999999998
5444.0,4.55,0.01,66.09,0.011,0.0985
5444.0,4.51,0.0,83.825,0.0495,0.10200000000000001
5443.0,4.53,-0.03,94.435,0.07300000000000001,0.16249999999999998
5442.0,4.409,0.1,164.0,0.1575,0.275
5442.0,4.52,-0.01,120.25,0.07,0.15150000000000002
5441.0,4.53,-0.01,132.655,0.0735,0.16699999999999998
5441.0,4.42,0.1,55.0,0.04,0.05
5440.0,4.53,-0.01,159.88,0.07150000000000001,0.156
5440.0,4.4,-0.1,100.0,0.1,0.1
5438.0,4.52,0.03,71.55,0.0765,0.14900000000000002
5438.0,4.55,-0.16,62.160000000000004,0.0695,0.193
5438.0,4.6,0.0,63.0,0.08,0.1
5437.0,4.53,-0.02,149.445,0.07300000000000001,0.155
5436.0,4.505,0.12,81.0,0.068,0.15
5436.0,4.57,-0.06,62.66499999999999,0.009,0.097
5434.0,4.54,0.0,68.41,0.0245,0.10450000000000001
5431.0,4.54,-0.06,99.25999999999999,0.07,0.16699999999999998
5431.0,4.623,-0.44,162.0,0.07,0.3
5431.0,4.53,-0.05,143.565,0.0695,0.1585
5430.0,4.35,0.05,70.0,0.02,0.06
5430.0,3.99,0.2,85.0,0.03,0.05
5428.0,4.63,0.15,50.0,0.1,0.08
5427.0,4.55,0.03,76.665,0.013000000000000001,0.103
5425.0,4.56,-0.07,44.0,0.015,0.06
5424.0,4.56,-0.17,168.0,0.025,0.18
5423.0,4.105,0.08,102.5,0.236,0.125
5422.0,3.945,0.02,108.5,0.135,0.15
5422.0,4.53,0.01,61.68,0.063,0.153
5421.0,4.53,0.01,55.894999999999996,0.0345,0.107
5420.0,4.487,-0.06,169.0,0.10999999999999999,0.3
5420.0,4.502,0.0,102.5,0.068,0.15
5419.0,4.53,0.0,133.025,0.062,0.152
5418.0,4.58,-0.38,95.525,0.066,0.1985
5418.0,4.46,0.09,88.46000000000001,0.08499999999999999,0.0945
5418.0,4.53,0.01,92.08500000000001,0.0625,0.15000000000000002
5416.0,4.42,0.26,43.175,0.077,0.0665
5416.0,4.53,0.03,69.72999999999999,0.0655,0.1475
5416.0,4.52,0.08,113.215,0.067,0.1575
5413.0,4.52,-0.03,60.0,0.1,0.04
5410.0,4.53,-0.03,66.785,0.0695,0.16149999999999998
5409.0,4.54,-0.11,120.95500000000001,0.065,0.172
5406.0,4.54,-0.09,127.2,0.06,0.16999999999999998
5405.0,4.45,-0.09,45.0,0.07,0.08
5403.0,4.53,0.01,204.46,0.0735,0.1525
5403.0,4.54,0.0,60.81,0.061,0.16899999999999998
5403.0,4.56,-0.18,58.74,0.0605,0.183
5403.0,4.54,-0.09,101.44,0.065,0.173
5403.0,4.5,0.0,107.0,0.0645,0.15
5401.0,4.593,-0.16,159.0,0.07350000000000001,0.3
5400.0,4.47,-0.07,90.0,0.11,0.19
5400.0,4.1,-0.06,140.0,0.2,0.1
5400.0,5.4,0.41,60.0,0.2,0.04
5400.0,4.37,0.13,74.0,0.55,0.06
5399.0,4.43,0.39,55.0,0.08,0.05
5397.0,4.53,-0.09,100.5,0.035,0.12
5393.43,4.398073,0.1967,68.33,0.02535,0.0569
5393.0,4.55,-0.17,90.565,0.0635,0.192
5392.0,4.314,0.18,76.0,0.1575,0.125
5392.0,4.64,-0.62,17.0,0.03,0.01
5390.0,4.54,-0.03,60.315,0.061,0.1485
5388.0,4.54,-0.06,67.61500000000001,0.0655,0.1505
5387.0,4.54,-0.06,135.05,0.0605,0.16949999999999998
5387.0,4.435,0.11,138.0,0.15,0.235
5383.0,4.528,0.0,107.0,0.06,0.15
5383.0,4.603,-0.22,159.0,0.07350000000000001,0.3
5383.0,4.52,0.1,72.225,0.0685,0.1495
5382.0,4.43,0.04,54.745000000000005,0.1535,0.11399999999999999
5381.0,4.54,-0.04,59.255,0.0655,0.156
5378.0,4.6,-0.44,60.0,0.1,0.04
5377.0,4.454,0.018,138.0,0.15,0.235
5375.0,3.7,0.17,25.0,0.1,0.07
5374.0,4.55,-0.08,82.555,0.0345,0.11349999999999999
5374.0,4.37,0.28,43.0,0.07,0.03
5373.0,4.54,-0.08,134.49,0.059,0.16899999999999998
5372.0,4.434,-0.02,160.0,0.133,0.3
5370.0,4.411,0.14,80.0,0.09,0.15
5370.0,4.54,0.24,68.0,0.02,0.05
5367.0,4.456,0.124,138.0,0.15,0.235
5361.0,4.55,-0.07,72.435,0.06,0.1625
5360.0,4.54,-0.03,69.89,0.062,0.1565
5359.0,4.55,-0.04,109.3,0.057499999999999996,0.161
5358.0,4.54,0.16,38.0,0.012,0.03
5356.3,4.54,0.14,27.45,0.03,0.04
5355.0,4.54,0.0,66.04,0.0615,0.16
5355.0,4.54,-0.01,185.375,0.064,0.155
5353.0,4.55,-0.04,90.03999999999999,0.056499999999999995,0.172
5352.0,4.55,-0.06,60.735,0.0535,0.161
5352.0,4.55,-0.04,65.48,0.053,0.14350000000000002
5351.0,4.582,-0.04,159.0,0.075,0.3
5350.0,4.45,0.139,34.0,0.02,0.065
5350.0,4.54,0.02,81.675,0.056499999999999995,0.156
5349.0,4.526,-0.12,167.0,0.08549999999999999,0.3
5347.0,4.53,0.06,52.555,0.063,0.1595
5346.0,4.54,-0.02,76.50999999999999,0.061,0.1595
5346.0,4.484,0.33,60.0,0.02,0.06
5345.0,4.54,0.01,76.4,0.0645,0.148
5343.0,4.54,0.0,81.065,0.057499999999999996,0.16049999999999998
5343.0,3.764,0.08,79.5,0.16999999999999998,0.15
5338.0,3.877,0.25,59.0,0.084,0.03
5337.0,4.55,-0.09,155.07999999999998,0.053000000000000005,0.16399999999999998
5335.0,4.55,-0.04,233.125,0.0605,0.16699999999999998
5335.0,4.559,-0.171,138.0,0.15,0.235
5334.0,4.54,-0.03,112.005,0.057499999999999996,0.16549999999999998
5334.0,4.45,0.02,64.0,0.04,0.04
5333.0,4.54,0.04,110.4,0.06,0.1565
5332.0,4.55,-0.07,176.45999999999998,0.059,0.173
5331.0,4.54,-0.01,180.715,0.057999999999999996,0.1495
5331.0,4.594,-0.2,63.0,0.022,0.1
5330.0,4.366,0.18,79.0,0.131,0.125
5328.0,4.55,0.14,56.0,0.09,0.04
5328.0,4.59,-0.4,146.84,0.061,0.213
5327.0,4.55,-0.09,64.135,0.05499999999999999,0.15899999999999997
5327.0,4.53,0.15,61.715,0.062,0.155
5326.0,4.59,-0.17,48.144999999999996,0.020499999999999997,0.11
5324.0,4.56,-0.09,58.055,0.05449999999999999,0.178
5324.0,4.54,0.02,113.83,0.0595,0.155
5323.0,4.56,-0.13,96.89,0.057999999999999996,0.16949999999999998
5322.0,4.54,0.08,73.70500000000001,0.0595,0.1565
5322.0,4.55,0.11,86.14,0.018500000000000003,0.0905
5322.0,4.55,-0.02,110.435,0.05449999999999999,0.16399999999999998
5322.0,4.51,0.06,100.0,0.08,0.05
5316.0,4.459,0.16,79.5,0.07,0.15
5316.0,4.57,0.0,106.0,0.05,0.15
5316.0,4.55,-0.04,98.22,0.055,0.1625
5315.0,4.515,0.29,79.0,0.023,0.05
5315.0,4.55,-0.01,94.895,0.051000000000000004,0.158
5315.0,4.55,-0.09,63.765,0.059,0.16899999999999998
5315.0,4.59,-0.09,33.0,0.005,0.02
5313.0,4.452,-0.31,72.0,0.043,0.04
5312.0,4.55,0.0,142.965,0.057499999999999996,0.16049999999999998
5311.0,4.588,-0.04,167.0,0.07100000000000001,0.3
5310.0,4.59,0.2,90.0,0.06,0.09
5310.0,4.54,0.26,124.0,0.28,0.07
5310.0,4.54,-0.02,170.97,0.057499999999999996,0.157
5308.0,4.56,-0.08,95.555,0.055999999999999994,0.16949999999999998
5307.0,4.51,0.02,80.41999999999999,0.0595,0.104
5306.0,4.55,-0.01,89.735,0.0545,0.1515
5303.0,4.55,-0.05,114.57,0.056499999999999995,0.1485
5301.0,4.55,-0.03,57.91,0.051500000000000004,0.1545
5300.0,4.33,0.28,100.0,0.03,0.13
5300.0,4.55,0.36,100.0,0.1,0.06
5300.0,4.51,0.18,30.0,0.05,0.02
5298.0,4.37,-0.217,65.0,0.11,0.044
5298.0,4.55,-0.01,55.515,0.056,0.166
5297.0,4.56,-0.1,99.97,0.055499999999999994,0.1755
5295.0,4.55,0.03,95.655,0.055999999999999994,0.16
5295.0,4.54,0.12,150.0,0.15,0.1
5293.0,4.55,0.08,55.474999999999994,0.028,0.1255
5293.0,4.55,-0.03,89.99000000000001,0.055499999999999994,0.16049999999999998
5291.0,4.48,-0.044,64.0,0.03,0.04
5289.0,4.39,0.24,69.0,0.03,0.05
5288.0,4.613,-0.24,151.0,0.063,0.3
5288.0,4.56,-0.09,82.765,0.053000000000000005,0.1565
5286.0,4.54,0.16,71.50999999999999,0.05,0.1725
5282.0,4.57,-0.19,80.175,0.055,0.1955
5282.0,4.56,-0.04,76.82,0.051000000000000004,0.158
5281.0,4.56,-0.1,152.565,0.05500000000000001,0.16849999999999998
5280.0,4.55,-0.01,57.61,0.0525,0.1535
5280.0,4.6,0.08,70.0,0.07,0.05
5279.0,4.55,-0.06,138.61,0.052500000000000005,0.155
5279.0,4.56,-0.09,98.465,0.053500000000000006,0.16949999999999998
5278.0,4.576,0.14,78.5,0.0525,0.15
5271.0,4.49,-0.06,37.0,0.03,0.03
5268.0,4.55,-0.07,156.155,0.052500000000000005,0.1595
5268.0,4.55,0.01,115.9,0.0495,0.155
5267.0,4.54,0.12,57.285,0.052,0.1465
5266.0,4.54,-0.2,64.0,0.03,0.04
5264.0,4.55,0.03,109.11500000000001,0.0505,0.156
5263.0,4.555,-0.037,87.0,0.025,0.0525
5262.0,4.54,-0.44,41.0,0.01,0.035
5261.0,4.56,-0.06,66.705,0.0495,0.162
5261.0,4.56,-0.09,101.88,0.051500000000000004,0.174
5261.0,4.56,-0.09,150.255,0.052500000000000005,0.16899999999999998
5260.0,4.51,0.12,100.0,0.04,0.1
5260.0,4.58,0.01,72.31,0.0075,0.0915
5260.0,4.3,0.2,100.0,0.2,0.1
5259.0,4.56,-0.05,109.56,0.0485,0.1575
5256.0,4.483,-0.16,184.0,0.11549999999999999,0.32499999999999996
5256.0,4.56,-0.01,59.26,0.047,0.1485
5254.0,4.56,-0.07,93.725,0.054000000000000006,0.152
5253.0,4.55,-0.01,74.25,0.0505,0.1595
5252.0,4.55,0.0,104.62,0.051000000000000004,0.156
5251.0,4.46,0.256,71.0,0.04,0.048
5251.0,4.592,-0.04,158.0,0.0645,0.3
5250.0,3.95,-0.09,50.0,0.1,0.08
5248.0,4.56,-0.05,95.11,0.0485,0.15350000000000003
5248.0,4.48,0.13,60.0,0.05,0.04
5247.0,4.56,-0.02,65.515,0.0235,0.1045
5245.0,4.62,-0.1,34.5,0.0,0.04
5244.0,4.449,0.02,193.5,0.152,0.275
5243.0,4.547,0.14,78.5,0.0525,0.15
5242.0,4.56,-0.06,79.81,0.048,0.1585
5242.0,4.556,-0.54,157.0,0.0945,0.3
5241.0,4.41,0.24,50.0,0.03,0.09
5241.0,4.55,-0.01,211.28,0.055499999999999994,0.152
5240.0,4.58,-0.04,45.22,0.0115,0.10600000000000001
5239.0,4.56,-0.04,76.66499999999999,0.0465,0.16149999999999998
5237.0,4.572,0.24,157.0,0.07,0.25
5236.0,4.55,0.04,67.82,0.0525,0.1625
5236.0,4.488,0.237,138.0,0.15,0.235
5235.0,4.56,-0.03,127.3,0.0495,0.166
5233.0,4.71,-0.04,50.0,0.1,0.08
5232.0,4.55,0.07,58.775,0.049,0.159
5230.0,4.594,0.0,158.0,0.068,0.3
5229.0,4.378,0.32,183.0,0.2,0.2
5229.0,4.441,0.08,78.0,0.0735,0.15
5227.0,4.57,0.0,63.67,0.018500000000000003,0.10200000000000001
5226.0,4.56,-0.04,78.05,0.0495,0.1635
5225.0,4.64,0.08,70.0,0.1,0.08
5223.0,4.505,0.32,183.0,0.0855,0.2
5222.0,4.56,-0.04,228.29,0.05550000000000001,0.16699999999999998
5222.0,4.57,0.15,48.0,0.01,0.05
5218.0,4.55,0.05,48.04,0.051000000000000004,0.138
5217.0,4.56,0.03,50.585,0.043500000000000004,0.179
5216.0,4.56,-0.04,94.75,0.0465,0.1555
5215.0,4.56,0.01,80.84,0.025500000000000002,0.1105
5214.0,4.57,0.22,42.655,0.006500000000000001,0.0495
5214.0,4.55,0.07,79.06,0.048,0.145
5213.0,4.58,-0.06,64.31,0.0115,0.10450000000000001
5213.0,4.56,-0.03,68.135,0.048,0.1635
5212.0,4.57,-0.1,83.56,0.049,0.173
5212.0,4.56,-0.03,65.565,0.0475,0.1585
5211.0,4.57,-0.11,81.94999999999999,0.0495,0.173
5210.0,4.56,-0.03,69.87,0.0245,0.106
5208.0,4.56,-0.05,126.69999999999999,0.0455,0.153
5206.0,4.57,-0.07,92.82499999999999,0.0485,0.159
5205.0,4.53,-0.61,23.0,0.05,0.02
5203.0,4.56,-0.02,64.66499999999999,0.023,0.1085
5203.0,4.56,-0.02,63.62,0.0455,0.159
5202.0,4.58,-0.07,80.4,0.0125,0.1065
5201.0,4.608,0.017,63.5,0.018,0.0665
5201.0,4.57,-0.06,110.38999999999999,0.0465,0.1545
5200.0,4.53,0.18,140.0,0.03,0.14
5200.0,4.5,0.3,100.0,0.02,0.12
5198.0,4.57,-0.06,94.305,0.046,0.15999999999999998
5196.0,4.57,-0.05,117.375,0.0455,0.1685
5194.0,4.487,0.17,73.0,0.05,0.07
5194.0,4.55,0.09,48.655,0.0465,0.1595
5193.0,4.57,-0.11,65.225,0.032,0.1075
5192.0,4.58,0.0,82.475,0.01,0.106
5191.0,4.56,-0.03,115.83,0.0445,0.1575
5191.0,4.597,-0.06,155.0,0.06,0.3
5190.0,4.54,0.1,90.0,0.1,0.08
5190.0,3.77,0.17,100.0,0.04,0.06
5190.0,4.446,0.12,81.0,0.0735,0.15
5188.0,4.57,-0.04,96.53,0.048,0.174
5188.0,4.56,0.01,57.835,0.045,0.1515
5187.0,4.2,0.1,11.0,0.04,0.03
5187.0,4.57,-0.1,189.53,0.051500000000000004,0.1805
5185.0,4.46,-0.05,50.0,0.1,0.08
5183.0,4.514,0.107,125.0,0.028,0.044
5183.0,4.57,-0.03,72.03,0.018000000000000002,0.105
5181.0,4.57,-0.01,198.66000000000003,0.049,0.1555
5181.0,4.57,-0.08,56.870000000000005,0.047,0.16599999999999998
5180.0,4.597,0.0,155.0,0.0615,0.275
5180.0,4.43,-0.26,45.0,0.1,0.03
5178.0,4.56,-0.03,74.25,0.0275,0.109
5176.0,4.57,-0.01,56.74,0.044,0.1635
5176.0,4.57,0.31,50.0,0.1,0.08
5174.0,4.57,0.05,74.445,0.018500000000000003,0.10200000000000001
5172.0,4.43,0.35,18.0,0.02,0.1
5171.0,4.517,0.2,36.0,0.012,0.1
5171.0,4.55,-0.03,151.0,0.03,0.155
5170.0,4.574,0.18,155.0,0.0615,0.25
5169.0,4.548,0.059,79.0,0.0305,0.043
5167.0,4.555,-0.04,103.0,0.043,0.15
5166.0,4.57,0.01,84.72,0.043,0.14400000000000002
5165.0,4.599,0.02,162.0,0.0615,0.275
5165.0,4.633,-0.32,145.5,0.0575,0.3
5165.0,4.47,0.22,90.0,0.06,0.13
5162.0,4.58,-0.1,64.685,0.047,0.175
5161.0,4.53,0.2,50.0,0.03,0.04
5160.0,4.57,-0.02,54.16,0.0185,0.0995
5160.0,4.57,-0.03,75.225,0.042,0.151
5159.0,3.604,-0.04,163.0,0.5465,0.3
5159.0,4.508,-0.16,153.0,0.089,0.3
5157.0,4.56,0.13,51.474999999999994,0.042,0.1595
5156.0,4.56,0.07,66.03,0.043000000000000003,0.1505
5153.0,4.57,0.0,70.3,0.018000000000000002,0.099
5152.0,4.5,-0.09,40.0,0.015,0.04
5151.0,4.592,0.21,146.0,0.063,0.25
5150.0,4.4,-0.05,100.0,0.2,0.13
5150.0,3.6,0.15,100.0,0.2,0.1
5148.0,4.58,-0.03,80.785,0.0175,0.1055
5148.0,4.57,0.0,99.34,0.0405,0.147
5144.0,4.57,-0.01,76.7,0.0395,0.14450000000000002
5143.0,4.5,-0.28,100.0,0.1,0.1
5143.0,4.57,-0.1,101.55000000000001,0.0455,0.16199999999999998
5139.0,4.49,0.07,62.0,0.02,0.05
5138.0,4.3,0.18,99.0,0.51,0.09
5135.0,4.464,0.12,80.0,0.0615,0.15
5135.0,4.464,0.12,80.5,0.063,0.15
5132.0,4.57,-0.01,69.985,0.041,0.16749999999999998
5132.0,4.571,-0.06,102.0,0.041999999999999996,0.15
5131.0,4.57,0.0,56.474999999999994,0.043000000000000003,0.149
5131.0,4.48,0.03,74.0,0.04,0.04
5130.0,4.515,0.15,90.0,0.018,0.14
5130.0,4.57,0.05,48.07,0.041,0.1505
5129.0,3.884,-0.16,145.5,0.505,0.3
5129.0,4.655,0.187,138.0,0.15,0.235
5127.0,4.57,-0.02,84.515,0.041,0.14400000000000002
5127.0,4.43,-0.09,52.0,0.08,0.03
5123.0,4.501,0.14,82.0,0.052000000000000005,0.15
5123.0,4.57,0.03,73.16499999999999,0.041,0.1725
5122.0,4.45,0.04,79.0,0.14,0.06
5121.0,4.58,-0.17,48.260000000000005,0.0475,0.1975
5109.0,3.96,0.1,153.5,0.44,0.25
5108.0,4.58,-0.03,171.25,0.0435,0.1605
5107.0,4.57,0.07,44.209999999999994,0.038,0.1485
5106.0,4.58,-0.02,74.62,0.0405,0.15
5106.0,4.58,0.03,65.5,0.025,0.05
5105.0,4.57,-0.03,83.83,0.04,0.15150000000000002
5102.0,4.58,-0.09,67.03999999999999,0.042499999999999996,0.16649999999999998
5101.0,4.57,0.0,59.45,0.039,0.154
5100.0,4.66,-0.12,100.0,0.1,0.1
5100.0,4.58,-0.06,75.785,0.04,0.162
5099.0,4.58,0.0,62.735,0.0405,0.163
5099.0,4.58,-0.12,75.80000000000001,0.043,0.18
5097.0,4.58,-0.01,84.63,0.0395,0.159
5096.0,4.58,-0.03,81.58,0.041,0.167
5083.0,4.512,0.22,152.0,0.0665,0.25
5081.0,4.596,0.12,151.0,0.0555,0.275
5080.0,4.58,0.3,80.0,0.08,0.1
5079.0,4.58,-0.08,92.85,0.039,0.1595
5078.0,4.61,-0.14,46.885,0.0115,0.0925
5077.0,4.5,0.13,39.5,0.015,0.05
5076.0,4.598,0.1,158.5,0.05499999999999999,0.275
5075.0,4.58,-0.01,54.845,0.037500000000000006,0.1555
5075.0,4.65,0.26,75.0,0.1,0.07
5074.0,4.58,0.01,53.14,0.037,0.16199999999999998
5071.0,4.58,0.05,71.885,0.037000000000000005,0.1605
5071.0,4.58,-0.08,83.505,0.04,0.1725
5071.0,4.505,-0.02,145.5,0.07999999999999999,0.3
5070.0,4.2,0.28,130.0,0.2,0.16
5069.0,4.59,-0.19,84.505,0.048,0.219
5069.0,4.58,-0.09,108.44,0.0415,0.183
5066.0,4.58,-0.08,70.98,0.041499999999999995,0.16499999999999998
5066.0,4.56,-0.01,73.365,0.035500000000000004,0.102
5064.0,4.59,-0.13,139.195,0.0435,0.185
5063.0,4.59,-0.18,87.975,0.046,0.2135
5060.0,4.58,-0.03,63.45,0.037,0.1575
5060.0,4.56,0.28,70.0,0.02,0.05
5054.0,4.58,-0.02,98.975,0.0375,0.153
5053.0,4.58,-0.07,90.63,0.038,0.1565
5053.0,4.58,-0.06,161.54500000000002,0.0385,0.1605
5052.0,4.503,0.02,151.0,0.07999999999999999,0.275
5051.0,4.628,-0.24,100.5,0.0345,0.15
5050.0,4.5,0.22,80.0,0.1,0.08
5049.8,4.527285,0.1716,64.88,0.026064,0.0596
5049.0,4.58,-0.02,45.95,0.035,0.1605
5048.0,4.58,-0.03,81.5,0.036500000000000005,0.14300000000000002
5047.0,4.58,0.01,69.075,0.036500000000000005,0.159
5047.0,3.49,-0.02,37.17,0.08149999999999999,0.0655
5046.0,4.5625,-0.55,74.0,0.0095,0.07
5046.0,4.58,0.02,78.055,0.035500000000000004,0.151
5044.0,4.58,-0.03,48.625,0.037,0.1595
5044.0,4.58,0.04,44.795,0.035500000000000004,0.145
5044.0,4.59,-0.07,50.105000000000004,0.0395,0.16849999999999998
5044.0,4.64,-0.16,42.5,0.01,0.035
5043.0,4.58,-0.01,86.58000000000001,0.019000000000000003,0.10400000000000001
5043.0,4.47,0.3,156.5,0.0995,0.22499999999999998
5043.0,4.46,-0.14,50.0,0.1,0.08
5042.0,4.59,-0.05,65.89,0.022,0.1075
5039.0,4.58,-0.02,55.114999999999995,0.038,0.16949999999999998
5033.0,4.64,-0.09,38.0,0.01,0.03
5030.0,4.58,0.01,80.095,0.036000000000000004,0.16749999999999998
5029.0,4.429,0.48,183.0,0.273,0.15
5028.0,3.46,-0.03,48.1,0.0095,0.0325
5027.0,4.6,-0.37,50.0,0.02,0.12
5026.0,4.58,0.0,100.0,0.036000000000000004,0.15
5021.0,4.58,-0.04,62.945,0.0355,0.1575
5020.0,4.59,-0.02,49.72,0.035500000000000004,0.1595
5017.0,4.486,0.25,70.0,0.043,0.04
5017.0,4.516,-0.02,151.0,0.088,0.3
5017.0,4.43,-0.02,88.0,0.16,0.06
5015.0,4.63,0.03,50.0,0.1,0.08
5014.0,4.59,0.0,64.41,0.013,0.10250000000000001
5012.0,4.09,0.18,78.0,0.16,0.05
5009.0,4.59,-0.11,191.715,0.0435,0.1785
5009.0,4.58,0.21,81.32,0.009,0.0865
5009.0,4.491,0.16,78.0,0.0525,0.15
5008.0,4.572,0.18,183.0,0.0495,0.25
5007.0,4.628,-0.033,138.0,0.15,0.235
5006.0,4.58,0.03,46.415000000000006,0.0325,0.155
5004.0,4.22,-0.09,50.0,0.13,0.03
5001.0,4.59,0.01,72.13,0.034,0.1535
5001.0,4.59,-0.03,109.735,0.0375,0.16049999999999998
5000.0,4.6,0.2,250.0,0.023,0.25
5000.0,4.582,0.03,100.0,0.014,0.12
5000.0,4.2,-0.09,53.0,0.17,0.03
4996.0,4.59,0.16,83.695,0.0085,0.0955
4995.0,3.345,-0.07,78.0,0.006,0.1
4995.0,4.59,0.02,231.32999999999998,0.0445,0.169
4995.0,4.26,0.15,50.0,0.19,0.06
4992.0,4.61,-0.24,96.0,0.046,0.22
4991.0,4.513,0.04,141.5,0.07100000000000001,0.275
4990.0,4.59,0.02,65.53999999999999,0.014,0.10300000000000001
4990.0,4.59,-0.05,63.485,0.036,0.16399999999999998
4987.0,4.52,0.12,41.0,0.037,0.1
4985.0,4.59,-0.1,49.019999999999996,0.0385,0.176
4984.0,4.61,-0.14,46.86,0.03,0.1395
4983.0,4.59,-0.01,81.695,0.0325,0.1575
4981.0,4.49,-0.66,31.0,0.06,0.1
4976.0,4.59,0.02,50.489999999999995,0.0325,0.1575
4975.0,4.576,-0.31,68.0,0.015,0.06
4975.0,4.4,0.0,95.0,0.1,0.05
4972.0,3.43,-0.04,45.91,0.019,0.027
4972.0,3.63,-0.03,50.0,0.1,0.08
4971.0,4.6,-0.05,110.835,0.034499999999999996,0.16899999999999998
4970.0,3.924,0.32,149.0,0.48,0.2
4970.0,2.9,-0.21,70.0,0.2,0.1
4969.0,4.622,-0.133,129.0,0.089,0.1
4967.0,4.59,0.01,59.724999999999994,0.0295,0.1505
4965.0,4.61,-0.25,95.75999999999999,0.040999999999999995,0.203
4963.0,4.6,-0.01,53.185,0.0325,0.1805
4962.0,4.37,0.1,89.0,0.2,0.07
4961.0,4.59,-0.01,89.525,0.0315,0.152
4960.0,4.54,0.37,36.0,0.02,0.07
4954.0,4.59,0.04,79.58500000000001,0.031,0.1565
4952.0,4.56,0.11,100.0,0.1,0.06
4951.0,4.59,-0.02,75.3,0.0325,0.16
4950.0,4.55,0.3,150.0,0.15,0.15
4948.0,4.508,0.14,79.0,0.0475,0.15
4948.0,4.59,-0.02,87.58000000000001,0.0325,0.159
4945.0,4.6,-0.05,70.43,0.0335,0.16199999999999998
4944.0,4.6,-0.04,44.855000000000004,0.010499999999999999,0.0995
4940.0,4.58,0.15,53.15,0.032,0.154
4940.0,4.6,-0.16,67.24,0.0405,0.198
4939.0,4.506,0.16,79.0,0.047,0.15
4939.0,4.59,-0.02,84.99,0.0325,0.1575
4938.0,4.515,-0.388,138.0,0.15,0.235
4937.0,4.71,0.14,50.0,0.1,0.08
4935.0,4.589,-0.42,140.0,0.052500000000000005,0.32499999999999996
4931.0,4.605,0.0,98.0,0.0335,0.15
4930.0,4.6,-0.1,100.0,0.1,0.1
4927.0,4.685,0.132,138.0,0.15,0.235
4927.0,4.59,0.07,46.5,0.015,0.07
4925.0,4.683,-0.107,138.0,0.15,0.235
4922.0,4.505,0.2,169.0,0.07,0.25
4920.0,4.3,0.19,80.0,0.2,0.13
4919.0,4.6,-0.04,53.985,0.0305,0.174
4919.0,4.6,-0.06,142.74,0.0345,0.17049999999999998
4915.0,4.512,0.16,83.0,0.047,0.15
4913.0,4.59,0.01,57.480000000000004,0.0305,0.1525
4913.0,4.6,-0.03,90.4,0.0315,0.157
4908.0,3.64,0.13,46.515,0.011,0.0945
4908.0,4.6,0.04,59.17999999999999,0.0295,0.1565
4906.0,4.61,-0.15,71.935,0.039,0.198
4904.0,4.535,0.0,148.0,0.063,0.3
4904.0,4.6,-0.04,68.925,0.0315,0.1565
4903.69,4.551151,0.0493,59.64,0.018087,0.056
4903.0,4.6,-0.07,64.755,0.0325,0.16699999999999998
4901.0,4.618,0.04,78.0,0.033,0.15
4900.0,4.65,-0.04,150.0,0.1,0.1
4900.0,3.52,0.09,90.0,0.05,0.14
4898.0,4.518,0.14,83.0,0.043000000000000003,0.15
4897.0,4.59,0.07,98.75999999999999,0.0305,0.1575
4897.0,4.6,-0.03,56.235,0.03,0.164
4895.0,4.6,-0.05,71.095,0.03,0.14900000000000002
4894.0,4.637,-0.24,97.0,0.0285,0.15
4893.0,4.58,-0.03,48.540000000000006,0.028999999999999998,0.1045
4886.0,4.61,0.02,65.285,0.009999999999999998,0.111
4884.0,4.52,0.08,70.0,0.05,0.05
4884.0,3.1,0.07,30.0,0.1,0.04
4881.0,4.61,-0.1,78.095,0.0325,0.174
4877.0,4.6,0.07,67.42,0.028,0.1485
4877.0,4.59,0.26,58.0,0.01,0.06
4871.0,4.6,-0.13,62.59,0.026,0.11399999999999999
4870.0,4.6,0.02,52.66,0.027499999999999997,0.16799999999999998
4870.0,4.6,0.04,51.03,0.028,0.165
4870.0,4.6,0.01,183.72500000000002,0.0345,0.157
4870.0,4.52,-0.02,60.0,0.1,0.04
4869.0,4.51,-0.09,77.0,0.04,0.05
4869.0,3.02,0.14,28.0,0.09,0.05
4868.0,4.6,-0.01,41.925,0.013999999999999999,0.10600000000000001
4865.0,4.6,0.11,48.075,0.0095,0.0995
4862.0,4.6,0.0,79.675,0.028499999999999998,0.1565
4861.0,4.59,0.09,72.065,0.012,0.0995
4861.0,4.6,0.07,97.195,0.027999999999999997,0.161
4859.0,4.612,0.0,97.0,0.03,0.15
4858.0,4.622,-0.02,161.0,0.043,0.3
4857.0,4.6,0.06,61.895,0.024999999999999998,0.151
4857.0,4.59,-0.11,85.0,0.02,0.14
4850.0,4.6,0.2,75.0,0.06,0.05
4850.0,4.61,-0.08,50.364999999999995,0.032,0.16449999999999998
4848.0,4.6,-0.02,63.155,0.0295,0.16
4847.0,4.581,0.0,97.0,0.0315,0.15
4846.0,3.783,0.42,44.0,0.06,0.03
4844.0,4.64,-0.224,138.0,0.15,0.235
4842.0,4.63,-0.17,47.0,0.01,0.055
4841.0,4.6,-0.04,78.495,0.031,0.152
4841.0,4.65,-0.06,38.0,0.0,0.035
4840.0,3.31,0.2,97.0,0.01,0.16
4840.0,3.297,-0.01,90.0,0.007,0.08
4839.0,4.61,-0.09,106.345,0.0315,0.16849999999999998
4838.0,4.61,0.09,52.685,0.008,0.1045
4836.0,4.6,-0.01,76.9,0.027500000000000004,0.1585
4834.0,4.6,-0.01,88.85,0.028999999999999998,0.16
4830.0,4.61,-0.01,80.855,0.027,0.16599999999999998
4828.0,4.61,0.01,43.455,0.026000000000000002,0.16999999999999998
4828.0,4.61,0.01,41.595,0.027000000000000003,0.1555
4825.0,4.603,0.08,96.0,0.0315,0.15
4823.0,4.674,-0.206,138.0,0.15,0.235
4821.0,4.529,0.16,76.0,0.04,0.15
4821.0,4.529,0.16,76.0,0.04,0.15
4819.0,4.507,0.095,94.0,0.04,0.038
4817.0,4.61,0.05,57.525,0.008,0.111
4817.0,4.6,0.1,59.690000000000005,0.026,0.1605
4815.0,4.61,-0.1,83.255,0.032,0.174
4812.0,4.59,0.22,72.0,0.02,0.05
4806.0,4.564,-0.1,136.5,0.0475,0.3
4806.0,3.31,0.05,100.0,0.15,0.1
4805.0,4.633,-0.06,144.0,0.043,0.3
4805.0,2.66,0.04,100.0,0.15,0.1
4803.0,4.623,-0.08,170.0,0.043,0.3
4802.0,4.14,0.15,97.0,0.24,0.04
4801.0,4.6,-0.18,49.0,0.01,0.08
4800.0,3.29,0.1,100.0,0.07,0.06
4796.0,4.62,-0.03,53.31,0.022,0.1895
4791.0,4.577,0.07,136.0,0.040499999999999994,0.275
4786.0,4.579,-0.2,137.0,0.045,0.3
4782.0,4.605,0.18,129.0,0.05,0.07
4781.0,4.59,0.34,98.0,0.04,0.07
4781.0,4.62,-0.16,82.77000000000001,0.0335,0.1865
4780.0,3.5,0.39,100.0,0.06,0.06
4779.0,4.61,-0.07,46.955,0.0285,0.16549999999999998
4776.0,4.61,-0.06,135.2,0.028999999999999998,0.162
4776.0,4.61,0.05,62.355000000000004,0.023,0.16399999999999998
4775.0,3.189,0.18,32.0,0.0075,0.06
4775.0,4.605,-0.5,100.0,0.013,0.5
4774.0,4.47,0.2,133.0,0.08,0.1
4770.0,4.61,0.0,61.66,0.025,0.1585
4769.0,4.622,0.12,172.0,0.041999999999999996,0.275
4760.0,5.25,0.22,15.0,0.26,0.12
4758.0,4.61,0.01,46.754999999999995,0.0095,0.10250000000000001
4756.0,4.698,-0.372,50.0,0.1,0.1
4755.0,4.61,0.02,40.894999999999996,0.0245,0.16
4754.0,4.61,0.01,78.85499999999999,0.026500000000000003,0.1545
4752.0,4.596,0.019,138.0,0.15,0.235
4751.0,4.62,-0.07,67.215,0.028499999999999998,0.16599999999999998
4751.0,4.61,-0.32,139.0,0.1,0.02
4747.0,4.61,-0.04,46.46,0.026500000000000003,0.1525
4742.0,4.51,-0.33,60.0,0.1,0.04
4740.0,4.62,-0.05,100.0,0.01,0.12
4739.0,4.62,-0.02,92.735,0.02,0.132
4736.0,4.66,-0.46,80.78999999999999,0.0315,0.165
4730.0,4.62,-0.02,39.805,0.025,0.155
4726.0,4.62,-0.06,68.05,0.026500000000000003,0.1745
4725.0,4.636,0.05,74.0,0.03,0.07
4723.0,4.557,0.08,167.0,0.0475,0.275
4720.0,4.46,-0.06,50.0,0.1,0.08
4715.0,4.66,-0.25,47.0,0.01,0.06
4712.0,4.62,0.06,63.45,0.0215,0.16349999999999998
4709.0,4.62,0.11,50.985,0.019,0.1555
4708.0,4.62,0.06,57.1,0.008,0.098
4703.0,4.582,-0.14,79.0,0.033,0.15
4701.0,4.54,0.24,79.0,0.034,0.15
4700.0,4.62,-0.11,57.745000000000005,0.029,0.173
4692.0,4.62,-0.06,44.095,0.028,0.1505
4690.0,4.63,-0.16,42.0,0.02,0.055
4685.0,4.62,0.02,181.66,0.029,0.156
4684.0,4.622,-0.137,79.0,0.024,0.127
4679.0,4.62,0.05,56.355,0.023,0.16199999999999998
4677.0,4.61,0.04,76.785,0.0245,0.148
4676.0,4.62,-0.14,62.0,0.02,0.065
4675.0,4.627,0.03,100.0,0.0097,0.2
4675.0,4.654,-0.343,53.0,0.057,0.059
4673.0,4.62,0.12,83.575,0.022,0.16549999999999998
4671.0,4.63,-0.19,81.18,0.020999999999999998,0.1285
4667.0,4.63,-0.08,244.0,0.015,0.22
4665.0,2.52,-0.03,18.0,0.05,0.1
4663.0,4.667,-0.25,138.0,0.15,0.235
4662.0,4.62,0.19,44.675,0.0125,0.148
4660.0,4.63,-0.26,41.0,0.34,0.07
4658.0,4.632,0.0,93.0,0.0285,0.15
4658.0,2.49,0.15,24.0,0.05,0.1
4655.0,4.62,-0.07,42.265,0.025500000000000002,0.164
4653.0,4.62,0.05,54.34,0.016,0.1805
4651.0,4.62,0.01,60.900000000000006,0.0235,0.1545
4650.0,4.72,-0.15,150.0,0.06,0.11
4647.0,4.62,0.16,70.755,0.012,0.157
4645.0,4.53,0.02,50.0,0.005,0.08
4644.0,4.63,-0.06,101.28999999999999,0.0245,0.1745
4642.0,4.62,0.07,42.894999999999996,0.018500000000000003,0.16999999999999998
4630.0,4.63,-0.1,41.915000000000006,0.0315,0.1795
4629.0,4.64,-0.14,145.5,0.01,0.16499999999999998
4612.0,4.63,0.04,120.495,0.023,0.176
4611.0,4.63,-0.03,50.5,0.0235,0.1605
4610.0,4.58,0.16,20.0,0.02,0.05
4603.0,4.615,-0.045,138.0,0.15,0.235
4601.0,4.62,-0.01,81.24,0.0245,0.14
4600.0,4.595,-0.02,150.0,0.019,0.12
4599.0,4.65,-0.26,165.0,0.02,0.19
4598.0,4.63,0.13,37.975,0.0155,0.172
4598.0,4.62,-0.01,57.75,0.024,0.1435
4597.0,4.62,0.11,67.555,0.0185,0.16599999999999998
4593.0,4.61,-0.21,60.0,0.01,0.03
4590.0,4.543,0.428,126.0,0.095,0.1
4587.0,4.62,0.03,93.265,0.025,0.156
4584.0,4.63,0.11,67.915,0.0165,0.1675
4580.0,4.641,0.08,92.0,0.028499999999999998,0.15
4580.0,2.1,-0.15,70.0,0.15,0.04
4575.0,4.65,-0.11,74.0,0.01,0.06
4570.0,4.705,-0.238,50.0,0.1,0.08
4558.0,4.65,-0.23,86.0,0.01,0.125
4557.0,4.64,-0.06,46.765,0.009999999999999998,0.097
4554.0,4.64,-0.13,47.790000000000006,0.018,0.1085
4553.0,2.33,-0.09,15.0,0.06,0.03
4552.0,4.743,-0.284,154.0,0.105,0.067
4550.0,2.953,0.11,75.0,0.007,0.07
4540.0,4.639,0.04,100.0,0.012,0.08
4540.0,4.63,0.1,78.785,0.0185,0.175
4538.2,2.4,0.36,27.5,0.1,0.05
4529.0,4.63,0.1,89.995,0.0225,0.1655
4524.0,4.63,-0.02,99.39500000000001,0.025,0.1465
4523.0,4.64,-0.09,50.765,0.028,0.1775
4522.0,4.615,-0.22,136.0,0.037000000000000005,0.3
4521.0,4.63,-0.02,62.67,0.019,0.1065
4512.0,4.63,0.03,47.099999999999994,0.021,0.163
4511.0,4.62,0.0,110.0,0.12,0.09
4508.0,4.63,0.05,223.9,0.031,0.1575
4500.0,4.638,0.28,130.0,0.0335,0.22499999999999998
4500.0,4.62,0.02,38.78,0.022,0.11499999999999999
4484.0,4.653,-0.225,54.0,0.0155,0.053
4483.0,4.64,-0.05,56.935,0.025,0.159
4473.0,4.653,-0.244,138.0,0.15,0.235
4462.0,3.79,-0.24,145.0,0.53,0.06
4460.0,4.7,-0.33,50.0,0.1,0.08
4455.0,4.625,0.113,30.0,0.017,0.068
4450.0,4.6527,-0.3,150.0,0.00165,0.2
4445.0,4.64,0.06,50.620000000000005,0.020999999999999998,0.16599999999999998
4445.0,2.1,0.19,70.0,0.1,0.05
4444.0,4.63,0.14,70.0,0.12,0.12
4440.0,4.618,0.12,100.0,0.017,0.08
4439.0,4.64,-0.03,80.15,0.0235,0.1585
4435.0,4.55,0.175,80.0,0.06,0.019
4435.0,4.66,-0.17,42.42,0.0195,0.0935
4434.0,4.64,0.05,73.36,0.019999999999999997,0.182
4433.0,4.64,0.01,44.41,0.023,0.1765
4427.0,4.3,-0.36,48.0,0.1,0.05
4422.0,4.64,-0.02,44.32,0.0235,0.176
4415.0,1.8,-0.25,70.0,0.15,0.04
4407.0,4.63,0.03,79.12,0.0215,0.086
4406.0,1.94,-0.094,15.0,0.08,0.001
4406.0,4.643,-0.24,162.0,0.038,0.3
4400.0,4.65,-0.05,200.0,0.05,0.17
4400.0,4.63,-0.03,200.0,0.05,0.15
4392.0,4.67,-0.25,49.985,0.017,0.11
4391.0,4.598,0.04,124.5,0.0355,0.275
4388.0,1.96,0.14,25.0,0.08,0.1
4385.0,4.78,-0.66,30.0,0.01,0.04
4380.0,4.71,-0.92,136.5,0.0455,0.3
4374.0,4.76,-0.95,36.0,0.01,0.02
4372.0,4.64,0.2,61.42,0.013499999999999998,0.248
4360.0,4.55,0.11,108.0,0.07,0.1
4353.0,4.681,-0.18,124.5,0.038,0.3
4350.0,4.65,0.06,40.06,0.013499999999999998,0.1115
4348.0,4.726,-0.351,128.0,0.15,0.235
4348.0,1.9,-0.17,28.0,0.1,0.05
4346.0,4.65,-0.03,45.519999999999996,0.0165,0.1065
4343.0,4.621,-0.102,138.0,0.15,0.235
4339.0,4.67,-0.18,38.345,0.019999999999999997,0.1005
4339.0,4.66,0.02,92.0,0.01,0.14
4324.0,4.523,-0.06,70.0,0.043,0.09
4323.0,1.78,-0.323,15.0,0.04,0.034
4315.0,4.67,-0.16,40.394999999999996,0.0155,0.10450000000000001
4306.0,4.66,-0.1,46.43,0.0185,0.115
4299.0,4.62,0.28,44.790000000000006,0.0155,0.0955
4298.0,4.66,-0.06,43.615,0.013,0.1015
4297.0,2.31,-0.18,25.0,0.11,0.12
4286.0,4.66,-0.09,36.365,0.013999999999999999,0.10350000000000001
4263.0,4.625,0.17,100.0,0.1,0.08
4258.0,4.6,-0.3,150.0,0.3,0.2
4253.0,4.7,-0.35,53.955,0.019,0.1405
4248.0,4.67,-0.09,37.235,0.0135,0.093
4245.0,4.641,0.0,85.0,0.0235,0.15
4239.0,4.667,-0.22,84.0,0.0235,0.15
4234.0,4.63,-0.02,134.5,0.035,0.3
4231.0,4.67,-0.09,77.005,0.0345,0.274
4223.0,4.66,-0.06,40.38,0.0135,0.099
4213.0,4.719,-0.098,138.0,0.15,0.235
4201.0,4.67,-0.09,41.815,0.016,0.0935
4200.0,4.673,-0.008,138.0,0.15,0.235
4192.0,4.69,-0.27,41.89,0.0155,0.1405
4188.0,4.68,-0.22,102.995,0.020499999999999997,0.07300000000000001
4184.0,4.7,-0.3,50.93,0.0155,0.1405
4181.0,1.86,0.13,40.0,0.16,0.08
4169.0,4.68,-0.17,70.0,0.12,0.09
4155.0,1.7,-0.09,15.0,0.1,0.07
4143.0,4.663,-0.13,93.0,0.0155,0.16
4137.0,1.51,-1.0,10.0,0.05,0.07
4128.0,4.7,-0.24,46.52,0.017,0.131
4126.0,1.5,-0.27,25.0,0.1,0.07
4116.0,4.656,-0.205,138.0,0.15,0.235
4114.0,4.8,0.006,99.0,0.05,0.12
4106.0,4.68,-0.06,56.474999999999994,0.0285,0.1855
4105.0,4.67,0.01,39.77,0.0135,0.09
4103.0,4.68,-0.04,38.355000000000004,0.014499999999999999,0.098
4098.0,4.67,0.02,50.03,0.020999999999999998,0.1085
4097.0,4.65,0.21,42.5,0.01,0.095
4094.0,4.73,-0.45,88.66499999999999,0.041499999999999995,0.231
4092.1,1.4,-0.29,17.5,0.1,0.06
4092.0,4.67,0.01,89.04499999999999,0.0245,0.152
4090.0,4.609,0.16,50.0,0.012,0.16
4075.0,4.68,-0.02,59.315,0.025,0.15050000000000002
4070.0,4.68,-0.02,58.61,0.0245,0.16
4069.0,1.4,-0.2,30.0,0.1,0.1
4057.0,4.7,0.2,38.0,0.01,0.060000000000000005
4055.0,1.2,-0.27,70.0,0.1,0.05
4044.0,4.67,0.12,34.5,0.01,0.08499999999999999
4043.0,4.71,-0.17,35.305,0.014499999999999999,0.101
4035.0,4.69,0.03,52.0,0.01,0.11
4035.0,1.4,-0.09,65.0,0.2,0.16
4031.0,4.58,-0.01,22.0,0.115,0.08
4027.0,4.7,-0.12,38.8,0.014499999999999999,0.099
4009.0,4.69,0.32,45.5,0.01,0.065
4005.0,4.73,-0.32,42.72,0.0165,0.099
4002.0,4.7,-0.06,33.505,0.014,0.08499999999999999
3998.0,4.19,-0.08,95.0,0.37,0.11
3985.0,4.7,-0.26,55.0,0.05,0.08
3975.0,4.753,-0.34,79.0,0.0345,0.15
3967.0,4.674,0.06,79.0,0.0245,0.15
3964.0,4.73,-0.25,46.075,0.023,0.122
3959.0,4.72,-0.17,38.989999999999995,0.019,0.108
3957.0,4.693,-0.16,79.0,0.03,0.15
3943.0,4.66,0.332,14.0,0.013,0.063
3934.0,4.72,-0.13,37.025,0.017,0.098
3931.0,4.73,-0.19,44.465,0.0165,0.0865
3930.0,4.71,-0.33,375.0,0.21,0.19
3926.0,4.672,0.28,46.0,0.0205,0.11
3900.0,4.64,0.0,200.0,0.3,0.4
3879.0,4.7,0.032,90.0,0.04,0.12
3872.0,4.714,0.12,80.5,0.028499999999999998,0.15
3871.0,4.744,0.07,80.5,0.037,0.15
3870.0,4.67,0.4,90.0,0.05,0.1
3867.0,4.718,0.1,80.5,0.03,0.15
3864.0,4.77,-0.33,41.765,0.0245,0.0805
3845.0,4.73,-0.09,37.0,0.01,0.08
3843.0,4.72,0.03,48.205,0.016,0.092
3837.0,4.747,-0.06,370.0,0.0995,0.15
3827.0,4.74,-0.06,52.525000000000006,0.036,0.14
3821.0,4.755,-0.28,80.0,0.042,0.15
3820.0,4.7,0.28,90.0,0.2,0.14
3813.0,4.77,-0.24,39.31,0.0235,0.08399999999999999
3805.0,4.767,-0.1,68.5,0.030000000000000002,0.1
3804.0,4.81,-0.43,34.84,0.031,0.08399999999999999
3804.0,4.8,-0.1,83.5,0.01,0.215
3784.0,4.75,-0.06,38.745000000000005,0.026000000000000002,0.0975
3782.0,5.0,-0.18,152.0,0.07,0.25
3779.0,4.74,0.26,28.0,0.01,0.07
3778.0,4.75,-0.05,53.0,0.01,0.13
3770.0,4.72,-0.16,40.0,0.02,0.09
3768.0,4.73,0.11,40.224999999999994,0.014499999999999999,0.0765
3765.0,4.699,-0.71,65.0,0.01,0.625
3757.0,4.681,0.48,78.0,0.027,0.1
3753.0,4.76,-0.09,32.465,0.023,0.08549999999999999
3748.0,4.695,0.005,138.0,0.027,0.235
3740.0,4.774,-0.08,130.0,0.075,0.29000000000000004
3732.0,4.736,0.02,79.0,0.038,0.15
3729.0,4.733,0.06,71.0,0.03,0.15
3725.0,4.8,-0.21,60.0,0.1,0.08
3725.0,4.76,-0.03,63.0,0.01,0.175
3724.0,4.74,0.17,57.11,0.028499999999999998,0.1055
3724.0,4.683,0.2,18.0,0.01,0.091
3722.0,4.75,0.07,31.42,0.0135,0.07100000000000001
3719.0,4.895,-0.3621,26.0,0.009000000000000001,0.07794999999999999
3717.0,4.76,-0.04,67.5,0.01,0.185
3715.0,4.76,0.04,37.07,0.0175,0.0785
3712.0,4.77,-0.07,33.635000000000005,0.023,0.0795
3712.0,4.78,0.18,65.0,0.02,0.095
3707.0,4.653,0.501,58.0,0.011,0.085
3701.0,4.77,-0.02,39.725,0.023,0.087
3697.0,5.0,-0.059,109.0,0.06,0.18
3695.0,4.8,-0.19,32.0,0.01,0.07
3687.0,4.76,0.07,37.894999999999996,0.018000000000000002,0.0785
3685.0,4.75,-0.08,68.0,0.04,0.09
3683.0,4.84,-0.22,80.5,0.052500000000000005,0.15
3681.0,4.7266,0.07,70.0,0.0085,0.12
3669.0,4.86,-0.04,85.0,0.01,0.22
3660.0,4.75,0.1,90.0,0.05,0.1
3660.0,4.783,-0.013,62.5,0.012,0.18
3658.0,4.93,-0.59,30.025,0.019,0.079
3655.0,4.73,0.44,47.775000000000006,0.019,0.051
3650.0,4.75,-0.7,75.0,0.25,0.5
3648.0,4.999,-0.048,157.5,0.075,0.18
3638.0,4.844,-0.14,79.5,0.052000000000000005,0.15
3636.0,4.78,0.06,56.165,0.0345,0.11499999999999999
3631.0,4.79,-0.01,36.04,0.030000000000000002,0.086
3623.0,4.874,0.068,138.0,0.028,0.198
3600.0,4.695,0.2,100.0,0.046,0.1
3586.0,4.77,-0.03,88.0,0.05,0.12
3578.0,4.83,-0.03,53.315,0.0455,0.119
3578.0,4.847,-0.051,138.0,0.028,0.235
3572.0,4.66,0.126,138.0,0.046,0.235
3570.0,4.858,0.023,66.5,0.049999999999999996,0.08349999999999999
3566.0,4.85,0.1,35.5,0.01,0.06
3556.0,4.94,-0.39,27.005000000000003,0.019000000000000003,0.0595
3519.0,4.94,-0.31,19.490000000000002,0.0175,0.049
3515.0,4.77,0.1,69.0,0.04,0.1
3514.0,4.831,-0.29,70.0,0.029,0.12
3476.0,4.81,0.18,88.0,0.05,0.12
3468.0,4.92,-0.13,32.18,0.035,0.076
3460.0,4.92,0.07,76.0,0.0645,0.15
3459.0,4.89,-0.01,51.5,0.01,0.16999999999999998
3437.0,4.76,-0.12,86.0,0.04,0.17
3430.0,4.971,-0.27,130.0,0.05,0.37
3421.0,4.85,-0.14,70.0,0.044,0.09
3315.0,4.97,0.09,144.5,0.03,0.16
3299.0,5.01,0.04,38.644999999999996,0.0695,0.129
3297.0,4.9,-0.33,73.0,0.08,0.093
3260.0,4.86,0.27,50.0,0.04,0.12
3247.0,4.93,-0.32,70.0,0.006,0.09
3230.0,5.016,-0.53,75.0,0.005,0.13
3214.0,4.93,0.26,60.0,0.04,0.1
3208.0,4.93,0.48,24.240000000000002,0.0285,0.0185
3180.0,4.97,0.04,88.0,0.05,0.12
3075.0,5.0,-0.25,75.0,0.2,0.25
